creator_id,platform,content_type,time_slot,avg_engagement
1,Instagram,SHORT,0,0.699
1,Instagram,SHORT,1,0.558
1,Instagram,SHORT,2,0.609
1,Instagram,SHORT,3,1.195
1,Instagram,SHORT,4,0.942
1,Instagram,SHORT,5,0.908
1,Instagram,SHORT,6,0.525
1,Instagram,SHORT,7,1.013
1,Instagram,SHORT,8,0.518
1,Instagram,SHORT,9,0.707
1,Instagram,SHORT,10,1.241
1,Instagram,SHORT,11,0.935
1,Instagram,SHORT,12,0.862
1,Instagram,SHORT,13,0.974
1,Instagram,SHORT,14,1.112
1,Instagram,SHORT,15,1.054
1,Instagram,SHORT,16,0.575
1,Instagram,SHORT,17,0.403
1,Instagram,SHORT,18,0.651
1,Instagram,SHORT,19,0.609
1,Instagram,SHORT,20,0.56
1,Instagram,SHORT,21,1.2
1,Instagram,SHORT,22,1.142
1,Instagram,SHORT,23,0.65
1,Instagram,LONG,0,0.645
1,Instagram,LONG,1,0.49
1,Instagram,LONG,2,0.799
1,Instagram,LONG,3,0.528
1,Instagram,LONG,4,0.413
1,Instagram,LONG,5,0.402
1,Instagram,LONG,6,0.589
1,Instagram,LONG,7,0.411
1,Instagram,LONG,8,0.603
1,Instagram,LONG,9,0.789
1,Instagram,LONG,10,0.493
1,Instagram,LONG,11,0.385
1,Instagram,LONG,12,0.849
1,Instagram,LONG,13,0.558
1,Instagram,LONG,14,0.309
1,Instagram,LONG,15,0.283
1,Instagram,LONG,16,0.32
1,Instagram,LONG,17,0.628
1,Instagram,LONG,18,0.726
1,Instagram,LONG,19,0.506
1,Instagram,LONG,20,0.293
1,Instagram,LONG,21,0.482
1,Instagram,LONG,22,0.848
1,Instagram,LONG,23,0.57
1,YouTube,SHORT,0,0.833
1,YouTube,SHORT,1,0.767
1,YouTube,SHORT,2,0.262
1,YouTube,SHORT,3,0.684
1,YouTube,SHORT,4,0.661
1,YouTube,SHORT,5,0.574
1,YouTube,SHORT,6,0.414
1,YouTube,SHORT,7,0.636
1,YouTube,SHORT,8,0.321
1,YouTube,SHORT,9,0.514
1,YouTube,SHORT,10,0.525
1,YouTube,SHORT,11,0.823
1,YouTube,SHORT,12,0.776
1,YouTube,SHORT,13,0.412
1,YouTube,SHORT,14,0.553
1,YouTube,SHORT,15,0.361
1,YouTube,SHORT,16,0.798
1,YouTube,SHORT,17,0.773
1,YouTube,SHORT,18,0.433
1,YouTube,SHORT,19,0.635
1,YouTube,SHORT,20,0.617
1,YouTube,SHORT,21,0.346
1,YouTube,SHORT,22,0.709
1,YouTube,SHORT,23,0.576
1,YouTube,LONG,0,1.056
1,YouTube,LONG,1,0.839
1,YouTube,LONG,2,0.376
1,YouTube,LONG,3,0.659
1,YouTube,LONG,4,0.392
1,YouTube,LONG,5,1.188
1,YouTube,LONG,6,1.144
1,YouTube,LONG,7,1.103
1,YouTube,LONG,8,0.644
1,YouTube,LONG,9,0.426
1,YouTube,LONG,10,1.143
1,YouTube,LONG,11,1.204
1,YouTube,LONG,12,0.45
1,YouTube,LONG,13,0.8
1,YouTube,LONG,14,0.436
1,YouTube,LONG,15,1.041
1,YouTube,LONG,16,1.045
1,YouTube,LONG,17,0.487
1,YouTube,LONG,18,0.791
1,YouTube,LONG,19,0.856
1,YouTube,LONG,20,0.607
1,YouTube,LONG,21,1.138
1,YouTube,LONG,22,0.745
1,YouTube,LONG,23,0.56
2,Instagram,SHORT,0,0.847
2,Instagram,SHORT,1,1.014
2,Instagram,SHORT,2,0.551
2,Instagram,SHORT,3,0.648
2,Instagram,SHORT,4,1.246
2,Instagram,SHORT,5,0.944
2,Instagram,SHORT,6,0.758
2,Instagram,SHORT,7,0.828
2,Instagram,SHORT,8,0.481
2,Instagram,SHORT,9,0.572
2,Instagram,SHORT,10,0.671
2,Instagram,SHORT,11,0.89
2,Instagram,SHORT,12,0.576
2,Instagram,SHORT,13,0.568
2,Instagram,SHORT,14,0.437
2,Instagram,SHORT,15,0.927
2,Instagram,SHORT,16,0.575
2,Instagram,SHORT,17,1.167
2,Instagram,SHORT,18,1.127
2,Instagram,SHORT,19,0.437
2,Instagram,SHORT,20,0.583
2,Instagram,SHORT,21,0.96
2,Instagram,SHORT,22,0.562
2,Instagram,SHORT,23,0.491
2,Instagram,LONG,0,0.812
2,Instagram,LONG,1,0.595
2,Instagram,LONG,2,0.536
2,Instagram,LONG,3,0.722
2,Instagram,LONG,4,0.735
2,Instagram,LONG,5,0.368
2,Instagram,LONG,6,0.313
2,Instagram,LONG,7,0.511
2,Instagram,LONG,8,0.507
2,Instagram,LONG,9,0.533
2,Instagram,LONG,10,0.689
2,Instagram,LONG,11,0.656
2,Instagram,LONG,12,0.841
2,Instagram,LONG,13,0.314
2,Instagram,LONG,14,0.495
2,Instagram,LONG,15,0.457
2,Instagram,LONG,16,0.768
2,Instagram,LONG,17,0.403
2,Instagram,LONG,18,0.368
2,Instagram,LONG,19,0.522
2,Instagram,LONG,20,0.506
2,Instagram,LONG,21,0.421
2,Instagram,LONG,22,0.404
2,Instagram,LONG,23,0.804
2,YouTube,SHORT,0,0.519
2,YouTube,SHORT,1,0.768
2,YouTube,SHORT,2,0.582
2,YouTube,SHORT,3,0.285
2,YouTube,SHORT,4,0.85
2,YouTube,SHORT,5,0.752
2,YouTube,SHORT,6,0.832
2,YouTube,SHORT,7,0.806
2,YouTube,SHORT,8,0.76
2,YouTube,SHORT,9,0.354
2,YouTube,SHORT,10,0.544
2,YouTube,SHORT,11,0.382
2,YouTube,SHORT,12,0.494
2,YouTube,SHORT,13,0.29
2,YouTube,SHORT,14,0.48
2,YouTube,SHORT,15,0.841
2,YouTube,SHORT,16,0.413
2,YouTube,SHORT,17,0.722
2,YouTube,SHORT,18,0.526
2,YouTube,SHORT,19,0.507
2,YouTube,SHORT,20,0.825
2,YouTube,SHORT,21,0.847
2,YouTube,SHORT,22,0.586
2,YouTube,SHORT,23,0.682
2,YouTube,LONG,0,0.51
2,YouTube,LONG,1,0.635
2,YouTube,LONG,2,1.223
2,YouTube,LONG,3,0.882
2,YouTube,LONG,4,0.849
2,YouTube,LONG,5,1.029
2,YouTube,LONG,6,0.425
2,YouTube,LONG,7,0.886
2,YouTube,LONG,8,0.815
2,YouTube,LONG,9,1.121
2,YouTube,LONG,10,0.513
2,YouTube,LONG,11,1.216
2,YouTube,LONG,12,0.445
2,YouTube,LONG,13,0.538
2,YouTube,LONG,14,0.896
2,YouTube,LONG,15,0.966
2,YouTube,LONG,16,0.581
2,YouTube,LONG,17,0.48
2,YouTube,LONG,18,1.154
2,YouTube,LONG,19,0.59
2,YouTube,LONG,20,0.895
2,YouTube,LONG,21,0.917
2,YouTube,LONG,22,0.742
2,YouTube,LONG,23,0.886
3,Instagram,SHORT,0,0.832
3,Instagram,SHORT,1,1.193
3,Instagram,SHORT,2,0.554
3,Instagram,SHORT,3,1.002
3,Instagram,SHORT,4,0.584
3,Instagram,SHORT,5,0.721
3,Instagram,SHORT,6,0.963
3,Instagram,SHORT,7,0.637
3,Instagram,SHORT,8,0.652
3,Instagram,SHORT,9,1.033
3,Instagram,SHORT,10,0.438
3,Instagram,SHORT,11,0.776
3,Instagram,SHORT,12,1.249
3,Instagram,SHORT,13,1.247
3,Instagram,SHORT,14,0.439
3,Instagram,SHORT,15,0.562
3,Instagram,SHORT,16,0.607
3,Instagram,SHORT,17,1.192
3,Instagram,SHORT,18,1.146
3,Instagram,SHORT,19,1.144
3,Instagram,SHORT,20,0.698
3,Instagram,SHORT,21,0.513
3,Instagram,SHORT,22,1.105
3,Instagram,SHORT,23,0.991
3,Instagram,LONG,0,0.619
3,Instagram,LONG,1,0.842
3,Instagram,LONG,2,0.644
3,Instagram,LONG,3,0.26
3,Instagram,LONG,4,0.741
3,Instagram,LONG,5,0.433
3,Instagram,LONG,6,0.65
3,Instagram,LONG,7,0.814
3,Instagram,LONG,8,0.335
3,Instagram,LONG,9,0.324
3,Instagram,LONG,10,0.319
3,Instagram,LONG,11,0.584
3,Instagram,LONG,12,0.417
3,Instagram,LONG,13,0.615
3,Instagram,LONG,14,0.682
3,Instagram,LONG,15,0.376
3,Instagram,LONG,16,0.632
3,Instagram,LONG,17,0.412
3,Instagram,LONG,18,0.546
3,Instagram,LONG,19,0.794
3,Instagram,LONG,20,0.758
3,Instagram,LONG,21,0.31
3,Instagram,LONG,22,0.507
3,Instagram,LONG,23,0.42
3,YouTube,SHORT,0,0.257
3,YouTube,SHORT,1,0.714
3,YouTube,SHORT,2,0.634
3,YouTube,SHORT,3,0.411
3,YouTube,SHORT,4,0.696
3,YouTube,SHORT,5,0.583
3,YouTube,SHORT,6,0.509
3,YouTube,SHORT,7,0.261
3,YouTube,SHORT,8,0.3
3,YouTube,SHORT,9,0.78
3,YouTube,SHORT,10,0.793
3,YouTube,SHORT,11,0.58
3,YouTube,SHORT,12,0.752
3,YouTube,SHORT,13,0.602
3,YouTube,SHORT,14,0.343
3,YouTube,SHORT,15,0.331
3,YouTube,SHORT,16,0.438
3,YouTube,SHORT,17,0.79
3,YouTube,SHORT,18,0.729
3,YouTube,SHORT,19,0.767
3,YouTube,SHORT,20,0.79
3,YouTube,SHORT,21,0.38
3,YouTube,SHORT,22,0.403
3,YouTube,SHORT,23,0.316
3,YouTube,LONG,0,1.058
3,YouTube,LONG,1,1.149
3,YouTube,LONG,2,0.731
3,YouTube,LONG,3,0.918
3,YouTube,LONG,4,0.51
3,YouTube,LONG,5,1.189
3,YouTube,LONG,6,1.132
3,YouTube,LONG,7,1.229
3,YouTube,LONG,8,1.084
3,YouTube,LONG,9,1.146
3,YouTube,LONG,10,0.397
3,YouTube,LONG,11,1.019
3,YouTube,LONG,12,0.666
3,YouTube,LONG,13,1.189
3,YouTube,LONG,14,1.077
3,YouTube,LONG,15,1.131
3,YouTube,LONG,16,1.084
3,YouTube,LONG,17,0.608
3,YouTube,LONG,18,1.064
3,YouTube,LONG,19,0.47
3,YouTube,LONG,20,1.138
3,YouTube,LONG,21,1.126
3,YouTube,LONG,22,0.57
3,YouTube,LONG,23,1.09
4,Instagram,SHORT,0,0.778
4,Instagram,SHORT,1,0.642
4,Instagram,SHORT,2,1.071
4,Instagram,SHORT,3,0.574
4,Instagram,SHORT,4,0.396
4,Instagram,SHORT,5,0.544
4,Instagram,SHORT,6,0.662
4,Instagram,SHORT,7,1.131
4,Instagram,SHORT,8,1.221
4,Instagram,SHORT,9,0.619
4,Instagram,SHORT,10,0.936
4,Instagram,SHORT,11,0.725
4,Instagram,SHORT,12,1.234
4,Instagram,SHORT,13,0.844
4,Instagram,SHORT,14,1.197
4,Instagram,SHORT,15,0.476
4,Instagram,SHORT,16,1.224
4,Instagram,SHORT,17,0.531
4,Instagram,SHORT,18,1.217
4,Instagram,SHORT,19,0.607
4,Instagram,SHORT,20,0.47
4,Instagram,SHORT,21,0.755
4,Instagram,SHORT,22,1.012
4,Instagram,SHORT,23,0.649
4,Instagram,LONG,0,0.616
4,Instagram,LONG,1,0.559
4,Instagram,LONG,2,0.484
4,Instagram,LONG,3,0.598
4,Instagram,LONG,4,0.407
4,Instagram,LONG,5,0.677
4,Instagram,LONG,6,0.256
4,Instagram,LONG,7,0.806
4,Instagram,LONG,8,0.575
4,Instagram,LONG,9,0.683
4,Instagram,LONG,10,0.696
4,Instagram,LONG,11,0.654
4,Instagram,LONG,12,0.472
4,Instagram,LONG,13,0.297
4,Instagram,LONG,14,0.65
4,Instagram,LONG,15,0.451
4,Instagram,LONG,16,0.442
4,Instagram,LONG,17,0.76
4,Instagram,LONG,18,0.683
4,Instagram,LONG,19,0.434
4,Instagram,LONG,20,0.439
4,Instagram,LONG,21,0.498
4,Instagram,LONG,22,0.494
4,Instagram,LONG,23,0.431
4,YouTube,SHORT,0,0.331
4,YouTube,SHORT,1,0.505
4,YouTube,SHORT,2,0.815
4,YouTube,SHORT,3,0.658
4,YouTube,SHORT,4,0.792
4,YouTube,SHORT,5,0.621
4,YouTube,SHORT,6,0.434
4,YouTube,SHORT,7,0.581
4,YouTube,SHORT,8,0.255
4,YouTube,SHORT,9,0.426
4,YouTube,SHORT,10,0.511
4,YouTube,SHORT,11,0.6
4,YouTube,SHORT,12,0.645
4,YouTube,SHORT,13,0.532
4,YouTube,SHORT,14,0.518
4,YouTube,SHORT,15,0.382
4,YouTube,SHORT,16,0.537
4,YouTube,SHORT,17,0.791
4,YouTube,SHORT,18,0.729
4,YouTube,SHORT,19,0.356
4,YouTube,SHORT,20,0.305
4,YouTube,SHORT,21,0.562
4,YouTube,SHORT,22,0.632
4,YouTube,SHORT,23,0.454
4,YouTube,LONG,0,1.091
4,YouTube,LONG,1,1.032
4,YouTube,LONG,2,0.964
4,YouTube,LONG,3,0.572
4,YouTube,LONG,4,0.549
4,YouTube,LONG,5,0.396
4,YouTube,LONG,6,0.589
4,YouTube,LONG,7,0.791
4,YouTube,LONG,8,1.119
4,YouTube,LONG,9,0.439
4,YouTube,LONG,10,0.738
4,YouTube,LONG,11,0.926
4,YouTube,LONG,12,0.545
4,YouTube,LONG,13,0.984
4,YouTube,LONG,14,0.808
4,YouTube,LONG,15,0.588
4,YouTube,LONG,16,0.949
4,YouTube,LONG,17,0.38
4,YouTube,LONG,18,1.032
4,YouTube,LONG,19,1.049
4,YouTube,LONG,20,0.468
4,YouTube,LONG,21,0.747
4,YouTube,LONG,22,0.529
4,YouTube,LONG,23,1.213
5,Instagram,SHORT,0,0.828
5,Instagram,SHORT,1,0.419
5,Instagram,SHORT,2,0.593
5,Instagram,SHORT,3,1.117
5,Instagram,SHORT,4,0.774
5,Instagram,SHORT,5,1.076
5,Instagram,SHORT,6,0.959
5,Instagram,SHORT,7,1.239
5,Instagram,SHORT,8,0.896
5,Instagram,SHORT,9,1.206
5,Instagram,SHORT,10,1.155
5,Instagram,SHORT,11,0.911
5,Instagram,SHORT,12,1.004
5,Instagram,SHORT,13,0.817
5,Instagram,SHORT,14,1.102
5,Instagram,SHORT,15,0.854
5,Instagram,SHORT,16,1.16
5,Instagram,SHORT,17,1.026
5,Instagram,SHORT,18,0.79
5,Instagram,SHORT,19,0.602
5,Instagram,SHORT,20,0.591
5,Instagram,SHORT,21,0.933
5,Instagram,SHORT,22,1.045
5,Instagram,SHORT,23,0.831
5,Instagram,LONG,0,0.628
5,Instagram,LONG,1,0.418
5,Instagram,LONG,2,0.301
5,Instagram,LONG,3,0.425
5,Instagram,LONG,4,0.417
5,Instagram,LONG,5,0.445
5,Instagram,LONG,6,0.576
5,Instagram,LONG,7,0.337
5,Instagram,LONG,8,0.393
5,Instagram,LONG,9,0.668
5,Instagram,LONG,10,0.675
5,Instagram,LONG,11,0.293
5,Instagram,LONG,12,0.498
5,Instagram,LONG,13,0.578
5,Instagram,LONG,14,0.502
5,Instagram,LONG,15,0.378
5,Instagram,LONG,16,0.505
5,Instagram,LONG,17,0.793
5,Instagram,LONG,18,0.603
5,Instagram,LONG,19,0.669
5,Instagram,LONG,20,0.765
5,Instagram,LONG,21,0.711
5,Instagram,LONG,22,0.481
5,Instagram,LONG,23,0.259
5,YouTube,SHORT,0,0.464
5,YouTube,SHORT,1,0.703
5,YouTube,SHORT,2,0.763
5,YouTube,SHORT,3,0.822
5,YouTube,SHORT,4,0.504
5,YouTube,SHORT,5,0.7
5,YouTube,SHORT,6,0.58
5,YouTube,SHORT,7,0.614
5,YouTube,SHORT,8,0.386
5,YouTube,SHORT,9,0.386
5,YouTube,SHORT,10,0.514
5,YouTube,SHORT,11,0.272
5,YouTube,SHORT,12,0.455
5,YouTube,SHORT,13,0.659
5,YouTube,SHORT,14,0.496
5,YouTube,SHORT,15,0.353
5,YouTube,SHORT,16,0.533
5,YouTube,SHORT,17,0.331
5,YouTube,SHORT,18,0.625
5,YouTube,SHORT,19,0.271
5,YouTube,SHORT,20,0.489
5,YouTube,SHORT,21,0.591
5,YouTube,SHORT,22,0.271
5,YouTube,SHORT,23,0.637
5,YouTube,LONG,0,0.494
5,YouTube,LONG,1,0.779
5,YouTube,LONG,2,0.419
5,YouTube,LONG,3,0.707
5,YouTube,LONG,4,0.56
5,YouTube,LONG,5,0.661
5,YouTube,LONG,6,1.041
5,YouTube,LONG,7,0.707
5,YouTube,LONG,8,1.033
5,YouTube,LONG,9,1.103
5,YouTube,LONG,10,0.596
5,YouTube,LONG,11,0.447
5,YouTube,LONG,12,0.392
5,YouTube,LONG,13,0.847
5,YouTube,LONG,14,1.25
5,YouTube,LONG,15,0.681
5,YouTube,LONG,16,0.944
5,YouTube,LONG,17,1.059
5,YouTube,LONG,18,0.945
5,YouTube,LONG,19,1.035
5,YouTube,LONG,20,1.206
5,YouTube,LONG,21,0.549
5,YouTube,LONG,22,0.393
5,YouTube,LONG,23,0.508
6,Instagram,SHORT,0,0.485
6,Instagram,SHORT,1,0.961
6,Instagram,SHORT,2,0.868
6,Instagram,SHORT,3,0.566
6,Instagram,SHORT,4,0.987
6,Instagram,SHORT,5,1.046
6,Instagram,SHORT,6,0.522
6,Instagram,SHORT,7,0.906
6,Instagram,SHORT,8,1.029
6,Instagram,SHORT,9,0.475
6,Instagram,SHORT,10,1.092
6,Instagram,SHORT,11,1.219
6,Instagram,SHORT,12,0.47
6,Instagram,SHORT,13,0.397
6,Instagram,SHORT,14,0.648
6,Instagram,SHORT,15,0.968
6,Instagram,SHORT,16,1.213
6,Instagram,SHORT,17,0.722
6,Instagram,SHORT,18,1.001
6,Instagram,SHORT,19,0.441
6,Instagram,SHORT,20,0.979
6,Instagram,SHORT,21,0.924
6,Instagram,SHORT,22,0.464
6,Instagram,SHORT,23,1.051
6,Instagram,LONG,0,0.761
6,Instagram,LONG,1,0.612
6,Instagram,LONG,2,0.327
6,Instagram,LONG,3,0.84
6,Instagram,LONG,4,0.721
6,Instagram,LONG,5,0.462
6,Instagram,LONG,6,0.51
6,Instagram,LONG,7,0.475
6,Instagram,LONG,8,0.556
6,Instagram,LONG,9,0.458
6,Instagram,LONG,10,0.76
6,Instagram,LONG,11,0.744
6,Instagram,LONG,12,0.318
6,Instagram,LONG,13,0.827
6,Instagram,LONG,14,0.633
6,Instagram,LONG,15,0.748
6,Instagram,LONG,16,0.676
6,Instagram,LONG,17,0.514
6,Instagram,LONG,18,0.692
6,Instagram,LONG,19,0.829
6,Instagram,LONG,20,0.416
6,Instagram,LONG,21,0.736
6,Instagram,LONG,22,0.575
6,Instagram,LONG,23,0.543
6,YouTube,SHORT,0,0.514
6,YouTube,SHORT,1,0.69
6,YouTube,SHORT,2,0.415
6,YouTube,SHORT,3,0.762
6,YouTube,SHORT,4,0.749
6,YouTube,SHORT,5,0.307
6,YouTube,SHORT,6,0.78
6,YouTube,SHORT,7,0.4
6,YouTube,SHORT,8,0.532
6,YouTube,SHORT,9,0.618
6,YouTube,SHORT,10,0.48
6,YouTube,SHORT,11,0.272
6,YouTube,SHORT,12,0.761
6,YouTube,SHORT,13,0.363
6,YouTube,SHORT,14,0.381
6,YouTube,SHORT,15,0.73
6,YouTube,SHORT,16,0.458
6,YouTube,SHORT,17,0.779
6,YouTube,SHORT,18,0.672
6,YouTube,SHORT,19,0.419
6,YouTube,SHORT,20,0.261
6,YouTube,SHORT,21,0.819
6,YouTube,SHORT,22,0.306
6,YouTube,SHORT,23,0.683
6,YouTube,LONG,0,0.803
6,YouTube,LONG,1,1.038
6,YouTube,LONG,2,0.979
6,YouTube,LONG,3,0.94
6,YouTube,LONG,4,0.804
6,YouTube,LONG,5,1.069
6,YouTube,LONG,6,0.456
6,YouTube,LONG,7,0.569
6,YouTube,LONG,8,0.98
6,YouTube,LONG,9,0.643
6,YouTube,LONG,10,0.884
6,YouTube,LONG,11,0.789
6,YouTube,LONG,12,0.84
6,YouTube,LONG,13,0.747
6,YouTube,LONG,14,1.028
6,YouTube,LONG,15,0.664
6,YouTube,LONG,16,0.99
6,YouTube,LONG,17,0.612
6,YouTube,LONG,18,0.595
6,YouTube,LONG,19,0.481
6,YouTube,LONG,20,0.544
6,YouTube,LONG,21,0.48
6,YouTube,LONG,22,0.844
6,YouTube,LONG,23,1.042
7,Instagram,SHORT,0,0.537
7,Instagram,SHORT,1,0.564
7,Instagram,SHORT,2,0.799
7,Instagram,SHORT,3,1.009
7,Instagram,SHORT,4,1.23
7,Instagram,SHORT,5,0.834
7,Instagram,SHORT,6,0.623
7,Instagram,SHORT,7,0.463
7,Instagram,SHORT,8,0.545
7,Instagram,SHORT,9,0.574
7,Instagram,SHORT,10,0.532
7,Instagram,SHORT,11,0.387
7,Instagram,SHORT,12,0.842
7,Instagram,SHORT,13,0.615
7,Instagram,SHORT,14,1.228
7,Instagram,SHORT,15,0.859
7,Instagram,SHORT,16,0.985
7,Instagram,SHORT,17,0.485
7,Instagram,SHORT,18,1.135
7,Instagram,SHORT,19,0.805
7,Instagram,SHORT,20,1.139
7,Instagram,SHORT,21,0.877
7,Instagram,SHORT,22,0.786
7,Instagram,SHORT,23,0.76
7,Instagram,LONG,0,0.365
7,Instagram,LONG,1,0.286
7,Instagram,LONG,2,0.815
7,Instagram,LONG,3,0.539
7,Instagram,LONG,4,0.744
7,Instagram,LONG,5,0.493
7,Instagram,LONG,6,0.299
7,Instagram,LONG,7,0.63
7,Instagram,LONG,8,0.287
7,Instagram,LONG,9,0.344
7,Instagram,LONG,10,0.59
7,Instagram,LONG,11,0.436
7,Instagram,LONG,12,0.846
7,Instagram,LONG,13,0.325
7,Instagram,LONG,14,0.71
7,Instagram,LONG,15,0.616
7,Instagram,LONG,16,0.725
7,Instagram,LONG,17,0.389
7,Instagram,LONG,18,0.566
7,Instagram,LONG,19,0.523
7,Instagram,LONG,20,0.518
7,Instagram,LONG,21,0.767
7,Instagram,LONG,22,0.844
7,Instagram,LONG,23,0.437
7,YouTube,SHORT,0,0.625
7,YouTube,SHORT,1,0.618
7,YouTube,SHORT,2,0.695
7,YouTube,SHORT,3,0.819
7,YouTube,SHORT,4,0.379
7,YouTube,SHORT,5,0.381
7,YouTube,SHORT,6,0.648
7,YouTube,SHORT,7,0.348
7,YouTube,SHORT,8,0.358
7,YouTube,SHORT,9,0.3
7,YouTube,SHORT,10,0.257
7,YouTube,SHORT,11,0.523
7,YouTube,SHORT,12,0.608
7,YouTube,SHORT,13,0.428
7,YouTube,SHORT,14,0.393
7,YouTube,SHORT,15,0.676
7,YouTube,SHORT,16,0.673
7,YouTube,SHORT,17,0.525
7,YouTube,SHORT,18,0.664
7,YouTube,SHORT,19,0.805
7,YouTube,SHORT,20,0.724
7,YouTube,SHORT,21,0.627
7,YouTube,SHORT,22,0.648
7,YouTube,SHORT,23,0.811
7,YouTube,LONG,0,0.747
7,YouTube,LONG,1,0.851
7,YouTube,LONG,2,0.942
7,YouTube,LONG,3,1.17
7,YouTube,LONG,4,1.098
7,YouTube,LONG,5,0.437
7,YouTube,LONG,6,0.52
7,YouTube,LONG,7,0.644
7,YouTube,LONG,8,1.03
7,YouTube,LONG,9,0.873
7,YouTube,LONG,10,0.628
7,YouTube,LONG,11,0.484
7,YouTube,LONG,12,0.978
7,YouTube,LONG,13,0.987
7,YouTube,LONG,14,1.2
7,YouTube,LONG,15,0.813
7,YouTube,LONG,16,0.807
7,YouTube,LONG,17,0.445
7,YouTube,LONG,18,0.41
7,YouTube,LONG,19,0.753
7,YouTube,LONG,20,0.657
7,YouTube,LONG,21,0.594
7,YouTube,LONG,22,0.455
7,YouTube,LONG,23,1.217
8,Instagram,SHORT,0,1.106
8,Instagram,SHORT,1,0.878
8,Instagram,SHORT,2,1.207
8,Instagram,SHORT,3,1.25
8,Instagram,SHORT,4,0.963
8,Instagram,SHORT,5,0.611
8,Instagram,SHORT,6,0.41
8,Instagram,SHORT,7,1.037
8,Instagram,SHORT,8,0.787
8,Instagram,SHORT,9,0.945
8,Instagram,SHORT,10,1.177
8,Instagram,SHORT,11,0.534
8,Instagram,SHORT,12,0.887
8,Instagram,SHORT,13,0.93
8,Instagram,SHORT,14,0.805
8,Instagram,SHORT,15,0.455
8,Instagram,SHORT,16,0.679
8,Instagram,SHORT,17,0.667
8,Instagram,SHORT,18,0.961
8,Instagram,SHORT,19,1.126
8,Instagram,SHORT,20,0.664
8,Instagram,SHORT,21,0.982
8,Instagram,SHORT,22,0.627
8,Instagram,SHORT,23,1.202
8,Instagram,LONG,0,0.739
8,Instagram,LONG,1,0.582
8,Instagram,LONG,2,0.526
8,Instagram,LONG,3,0.442
8,Instagram,LONG,4,0.447
8,Instagram,LONG,5,0.832
8,Instagram,LONG,6,0.495
8,Instagram,LONG,7,0.561
8,Instagram,LONG,8,0.843
8,Instagram,LONG,9,0.646
8,Instagram,LONG,10,0.578
8,Instagram,LONG,11,0.501
8,Instagram,LONG,12,0.367
8,Instagram,LONG,13,0.47
8,Instagram,LONG,14,0.705
8,Instagram,LONG,15,0.627
8,Instagram,LONG,16,0.707
8,Instagram,LONG,17,0.376
8,Instagram,LONG,18,0.582
8,Instagram,LONG,19,0.807
8,Instagram,LONG,20,0.516
8,Instagram,LONG,21,0.67
8,Instagram,LONG,22,0.327
8,Instagram,LONG,23,0.834
8,YouTube,SHORT,0,0.617
8,YouTube,SHORT,1,0.397
8,YouTube,SHORT,2,0.349
8,YouTube,SHORT,3,0.583
8,YouTube,SHORT,4,0.584
8,YouTube,SHORT,5,0.31
8,YouTube,SHORT,6,0.845
8,YouTube,SHORT,7,0.798
8,YouTube,SHORT,8,0.53
8,YouTube,SHORT,9,0.325
8,YouTube,SHORT,10,0.75
8,YouTube,SHORT,11,0.552
8,YouTube,SHORT,12,0.681
8,YouTube,SHORT,13,0.558
8,YouTube,SHORT,14,0.418
8,YouTube,SHORT,15,0.752
8,YouTube,SHORT,16,0.838
8,YouTube,SHORT,17,0.4
8,YouTube,SHORT,18,0.583
8,YouTube,SHORT,19,0.483
8,YouTube,SHORT,20,0.804
8,YouTube,SHORT,21,0.557
8,YouTube,SHORT,22,0.778
8,YouTube,SHORT,23,0.769
8,YouTube,LONG,0,0.617
8,YouTube,LONG,1,1.066
8,YouTube,LONG,2,0.738
8,YouTube,LONG,3,1.192
8,YouTube,LONG,4,0.819
8,YouTube,LONG,5,1.093
8,YouTube,LONG,6,0.622
8,YouTube,LONG,7,0.636
8,YouTube,LONG,8,0.889
8,YouTube,LONG,9,1.249
8,YouTube,LONG,10,0.803
8,YouTube,LONG,11,0.505
8,YouTube,LONG,12,0.846
8,YouTube,LONG,13,0.677
8,YouTube,LONG,14,0.858
8,YouTube,LONG,15,0.851
8,YouTube,LONG,16,0.773
8,YouTube,LONG,17,0.657
8,YouTube,LONG,18,0.54
8,YouTube,LONG,19,0.985
8,YouTube,LONG,20,0.875
8,YouTube,LONG,21,0.579
8,YouTube,LONG,22,1.054
8,YouTube,LONG,23,0.413
9,Instagram,SHORT,0,1.027
9,Instagram,SHORT,1,0.992
9,Instagram,SHORT,2,1.085
9,Instagram,SHORT,3,0.713
9,Instagram,SHORT,4,0.956
9,Instagram,SHORT,5,1.093
9,Instagram,SHORT,6,1.233
9,Instagram,SHORT,7,0.808
9,Instagram,SHORT,8,0.407
9,Instagram,SHORT,9,0.815
9,Instagram,SHORT,10,0.891
9,Instagram,SHORT,11,1.136
9,Instagram,SHORT,12,1.14
9,Instagram,SHORT,13,0.76
9,Instagram,SHORT,14,0.835
9,Instagram,SHORT,15,0.775
9,Instagram,SHORT,16,1.007
9,Instagram,SHORT,17,0.734
9,Instagram,SHORT,18,0.948
9,Instagram,SHORT,19,0.51
9,Instagram,SHORT,20,0.786
9,Instagram,SHORT,21,1.223
9,Instagram,SHORT,22,0.671
9,Instagram,SHORT,23,0.981
9,Instagram,LONG,0,0.642
9,Instagram,LONG,1,0.762
9,Instagram,LONG,2,0.762
9,Instagram,LONG,3,0.766
9,Instagram,LONG,4,0.481
9,Instagram,LONG,5,0.443
9,Instagram,LONG,6,0.683
9,Instagram,LONG,7,0.707
9,Instagram,LONG,8,0.774
9,Instagram,LONG,9,0.276
9,Instagram,LONG,10,0.296
9,Instagram,LONG,11,0.631
9,Instagram,LONG,12,0.803
9,Instagram,LONG,13,0.848
9,Instagram,LONG,14,0.699
9,Instagram,LONG,15,0.513
9,Instagram,LONG,16,0.314
9,Instagram,LONG,17,0.632
9,Instagram,LONG,18,0.774
9,Instagram,LONG,19,0.519
9,Instagram,LONG,20,0.668
9,Instagram,LONG,21,0.793
9,Instagram,LONG,22,0.282
9,Instagram,LONG,23,0.729
9,YouTube,SHORT,0,0.43
9,YouTube,SHORT,1,0.478
9,YouTube,SHORT,2,0.342
9,YouTube,SHORT,3,0.571
9,YouTube,SHORT,4,0.592
9,YouTube,SHORT,5,0.727
9,YouTube,SHORT,6,0.356
9,YouTube,SHORT,7,0.302
9,YouTube,SHORT,8,0.773
9,YouTube,SHORT,9,0.624
9,YouTube,SHORT,10,0.398
9,YouTube,SHORT,11,0.798
9,YouTube,SHORT,12,0.34
9,YouTube,SHORT,13,0.529
9,YouTube,SHORT,14,0.406
9,YouTube,SHORT,15,0.407
9,YouTube,SHORT,16,0.261
9,YouTube,SHORT,17,0.734
9,YouTube,SHORT,18,0.791
9,YouTube,SHORT,19,0.658
9,YouTube,SHORT,20,0.349
9,YouTube,SHORT,21,0.518
9,YouTube,SHORT,22,0.461
9,YouTube,SHORT,23,0.605
9,YouTube,LONG,0,0.934
9,YouTube,LONG,1,0.746
9,YouTube,LONG,2,0.594
9,YouTube,LONG,3,1.115
9,YouTube,LONG,4,0.549
9,YouTube,LONG,5,0.712
9,YouTube,LONG,6,0.798
9,YouTube,LONG,7,0.583
9,YouTube,LONG,8,0.875
9,YouTube,LONG,9,0.878
9,YouTube,LONG,10,1.244
9,YouTube,LONG,11,0.633
9,YouTube,LONG,12,1.231
9,YouTube,LONG,13,0.951
9,YouTube,LONG,14,0.615
9,YouTube,LONG,15,0.87
9,YouTube,LONG,16,0.975
9,YouTube,LONG,17,1.027
9,YouTube,LONG,18,0.418
9,YouTube,LONG,19,0.906
9,YouTube,LONG,20,0.81
9,YouTube,LONG,21,1.166
9,YouTube,LONG,22,0.625
9,YouTube,LONG,23,1.074
10,Instagram,SHORT,0,0.906
10,Instagram,SHORT,1,0.683
10,Instagram,SHORT,2,0.932
10,Instagram,SHORT,3,0.918
10,Instagram,SHORT,4,0.968
10,Instagram,SHORT,5,1.006
10,Instagram,SHORT,6,0.952
10,Instagram,SHORT,7,1.109
10,Instagram,SHORT,8,0.925
10,Instagram,SHORT,9,1.165
10,Instagram,SHORT,10,0.941
10,Instagram,SHORT,11,0.645
10,Instagram,SHORT,12,0.761
10,Instagram,SHORT,13,0.882
10,Instagram,SHORT,14,1.016
10,Instagram,SHORT,15,0.454
10,Instagram,SHORT,16,0.633
10,Instagram,SHORT,17,1.029
10,Instagram,SHORT,18,0.529
10,Instagram,SHORT,19,0.491
10,Instagram,SHORT,20,0.847
10,Instagram,SHORT,21,1.225
10,Instagram,SHORT,22,0.839
10,Instagram,SHORT,23,1.174
10,Instagram,LONG,0,0.749
10,Instagram,LONG,1,0.408
10,Instagram,LONG,2,0.746
10,Instagram,LONG,3,0.542
10,Instagram,LONG,4,0.735
10,Instagram,LONG,5,0.699
10,Instagram,LONG,6,0.457
10,Instagram,LONG,7,0.324
10,Instagram,LONG,8,0.828
10,Instagram,LONG,9,0.339
10,Instagram,LONG,10,0.83
10,Instagram,LONG,11,0.767
10,Instagram,LONG,12,0.686
10,Instagram,LONG,13,0.838
10,Instagram,LONG,14,0.831
10,Instagram,LONG,15,0.734
10,Instagram,LONG,16,0.473
10,Instagram,LONG,17,0.725
10,Instagram,LONG,18,0.263
10,Instagram,LONG,19,0.574
10,Instagram,LONG,20,0.526
10,Instagram,LONG,21,0.655
10,Instagram,LONG,22,0.655
10,Instagram,LONG,23,0.603
10,YouTube,SHORT,0,0.744
10,YouTube,SHORT,1,0.814
10,YouTube,SHORT,2,0.319
10,YouTube,SHORT,3,0.394
10,YouTube,SHORT,4,0.27
10,YouTube,SHORT,5,0.781
10,YouTube,SHORT,6,0.589
10,YouTube,SHORT,7,0.8
10,YouTube,SHORT,8,0.387
10,YouTube,SHORT,9,0.293
10,YouTube,SHORT,10,0.745
10,YouTube,SHORT,11,0.796
10,YouTube,SHORT,12,0.435
10,YouTube,SHORT,13,0.498
10,YouTube,SHORT,14,0.338
10,YouTube,SHORT,15,0.818
10,YouTube,SHORT,16,0.436
10,YouTube,SHORT,17,0.548
10,YouTube,SHORT,18,0.313
10,YouTube,SHORT,19,0.783
10,YouTube,SHORT,20,0.336
10,YouTube,SHORT,21,0.525
10,YouTube,SHORT,22,0.654
10,YouTube,SHORT,23,0.697
10,YouTube,LONG,0,1.203
10,YouTube,LONG,1,0.742
10,YouTube,LONG,2,1.024
10,YouTube,LONG,3,0.51
10,YouTube,LONG,4,0.738
10,YouTube,LONG,5,0.462
10,YouTube,LONG,6,0.803
10,YouTube,LONG,7,0.732
10,YouTube,LONG,8,1.208
10,YouTube,LONG,9,0.404
10,YouTube,LONG,10,0.699
10,YouTube,LONG,11,0.763
10,YouTube,LONG,12,1.207
10,YouTube,LONG,13,1.124
10,YouTube,LONG,14,0.462
10,YouTube,LONG,15,0.975
10,YouTube,LONG,16,0.851
10,YouTube,LONG,17,1.231
10,YouTube,LONG,18,0.689
10,YouTube,LONG,19,0.723
10,YouTube,LONG,20,0.541
10,YouTube,LONG,21,0.482
10,YouTube,LONG,22,1.117
10,YouTube,LONG,23,0.773
11,Instagram,SHORT,0,0.955
11,Instagram,SHORT,1,0.936
11,Instagram,SHORT,2,0.898
11,Instagram,SHORT,3,0.394
11,Instagram,SHORT,4,1.063
11,Instagram,SHORT,5,0.588
11,Instagram,SHORT,6,0.485
11,Instagram,SHORT,7,0.869
11,Instagram,SHORT,8,0.435
11,Instagram,SHORT,9,1.045
11,Instagram,SHORT,10,0.556
11,Instagram,SHORT,11,0.564
11,Instagram,SHORT,12,1.136
11,Instagram,SHORT,13,0.662
11,Instagram,SHORT,14,0.504
11,Instagram,SHORT,15,1.163
11,Instagram,SHORT,16,0.377
11,Instagram,SHORT,17,1.126
11,Instagram,SHORT,18,0.502
11,Instagram,SHORT,19,0.489
11,Instagram,SHORT,20,0.594
11,Instagram,SHORT,21,0.528
11,Instagram,SHORT,22,0.953
11,Instagram,SHORT,23,0.398
11,Instagram,LONG,0,0.264
11,Instagram,LONG,1,0.725
11,Instagram,LONG,2,0.397
11,Instagram,LONG,3,0.448
11,Instagram,LONG,4,0.359
11,Instagram,LONG,5,0.286
11,Instagram,LONG,6,0.696
11,Instagram,LONG,7,0.568
11,Instagram,LONG,8,0.699
11,Instagram,LONG,9,0.538
11,Instagram,LONG,10,0.718
11,Instagram,LONG,11,0.56
11,Instagram,LONG,12,0.32
11,Instagram,LONG,13,0.555
11,Instagram,LONG,14,0.818
11,Instagram,LONG,15,0.281
11,Instagram,LONG,16,0.721
11,Instagram,LONG,17,0.771
11,Instagram,LONG,18,0.565
11,Instagram,LONG,19,0.528
11,Instagram,LONG,20,0.829
11,Instagram,LONG,21,0.291
11,Instagram,LONG,22,0.54
11,Instagram,LONG,23,0.494
11,YouTube,SHORT,0,0.663
11,YouTube,SHORT,1,0.547
11,YouTube,SHORT,2,0.796
11,YouTube,SHORT,3,0.299
11,YouTube,SHORT,4,0.303
11,YouTube,SHORT,5,0.617
11,YouTube,SHORT,6,0.294
11,YouTube,SHORT,7,0.419
11,YouTube,SHORT,8,0.632
11,YouTube,SHORT,9,0.581
11,YouTube,SHORT,10,0.448
11,YouTube,SHORT,11,0.847
11,YouTube,SHORT,12,0.571
11,YouTube,SHORT,13,0.525
11,YouTube,SHORT,14,0.615
11,YouTube,SHORT,15,0.314
11,YouTube,SHORT,16,0.673
11,YouTube,SHORT,17,0.762
11,YouTube,SHORT,18,0.642
11,YouTube,SHORT,19,0.713
11,YouTube,SHORT,20,0.684
11,YouTube,SHORT,21,0.383
11,YouTube,SHORT,22,0.524
11,YouTube,SHORT,23,0.391
11,YouTube,LONG,0,0.672
11,YouTube,LONG,1,0.772
11,YouTube,LONG,2,0.739
11,YouTube,LONG,3,0.458
11,YouTube,LONG,4,0.748
11,YouTube,LONG,5,0.957
11,YouTube,LONG,6,0.703
11,YouTube,LONG,7,0.509
11,YouTube,LONG,8,1.183
11,YouTube,LONG,9,0.434
11,YouTube,LONG,10,1.103
11,YouTube,LONG,11,0.457
11,YouTube,LONG,12,0.459
11,YouTube,LONG,13,1.021
11,YouTube,LONG,14,1.085
11,YouTube,LONG,15,0.862
11,YouTube,LONG,16,0.888
11,YouTube,LONG,17,0.866
11,YouTube,LONG,18,0.663
11,YouTube,LONG,19,0.482
11,YouTube,LONG,20,0.684
11,YouTube,LONG,21,0.957
11,YouTube,LONG,22,1.031
11,YouTube,LONG,23,1.135
12,Instagram,SHORT,0,1.006
12,Instagram,SHORT,1,1.222
12,Instagram,SHORT,2,0.9
12,Instagram,SHORT,3,0.683
12,Instagram,SHORT,4,0.881
12,Instagram,SHORT,5,0.561
12,Instagram,SHORT,6,0.95
12,Instagram,SHORT,7,0.571
12,Instagram,SHORT,8,0.47
12,Instagram,SHORT,9,1.115
12,Instagram,SHORT,10,0.697
12,Instagram,SHORT,11,1.042
12,Instagram,SHORT,12,0.877
12,Instagram,SHORT,13,1.081
12,Instagram,SHORT,14,1.115
12,Instagram,SHORT,15,1.228
12,Instagram,SHORT,16,1.091
12,Instagram,SHORT,17,0.912
12,Instagram,SHORT,18,0.937
12,Instagram,SHORT,19,0.398
12,Instagram,SHORT,20,1.188
12,Instagram,SHORT,21,1.101
12,Instagram,SHORT,22,0.609
12,Instagram,SHORT,23,0.533
12,Instagram,LONG,0,0.673
12,Instagram,LONG,1,0.439
12,Instagram,LONG,2,0.457
12,Instagram,LONG,3,0.259
12,Instagram,LONG,4,0.773
12,Instagram,LONG,5,0.592
12,Instagram,LONG,6,0.493
12,Instagram,LONG,7,0.339
12,Instagram,LONG,8,0.632
12,Instagram,LONG,9,0.273
12,Instagram,LONG,10,0.699
12,Instagram,LONG,11,0.383
12,Instagram,LONG,12,0.505
12,Instagram,LONG,13,0.458
12,Instagram,LONG,14,0.475
12,Instagram,LONG,15,0.684
12,Instagram,LONG,16,0.717
12,Instagram,LONG,17,0.593
12,Instagram,LONG,18,0.306
12,Instagram,LONG,19,0.286
12,Instagram,LONG,20,0.349
12,Instagram,LONG,21,0.623
12,Instagram,LONG,22,0.656
12,Instagram,LONG,23,0.417
12,YouTube,SHORT,0,0.649
12,YouTube,SHORT,1,0.544
12,YouTube,SHORT,2,0.518
12,YouTube,SHORT,3,0.418
12,YouTube,SHORT,4,0.704
12,YouTube,SHORT,5,0.323
12,YouTube,SHORT,6,0.511
12,YouTube,SHORT,7,0.424
12,YouTube,SHORT,8,0.659
12,YouTube,SHORT,9,0.545
12,YouTube,SHORT,10,0.652
12,YouTube,SHORT,11,0.282
12,YouTube,SHORT,12,0.49
12,YouTube,SHORT,13,0.612
12,YouTube,SHORT,14,0.26
12,YouTube,SHORT,15,0.434
12,YouTube,SHORT,16,0.381
12,YouTube,SHORT,17,0.337
12,YouTube,SHORT,18,0.407
12,YouTube,SHORT,19,0.45
12,YouTube,SHORT,20,0.26
12,YouTube,SHORT,21,0.699
12,YouTube,SHORT,22,0.36
12,YouTube,SHORT,23,0.481
12,YouTube,LONG,0,0.991
12,YouTube,LONG,1,0.813
12,YouTube,LONG,2,1.104
12,YouTube,LONG,3,1.08
12,YouTube,LONG,4,0.438
12,YouTube,LONG,5,1.129
12,YouTube,LONG,6,0.412
12,YouTube,LONG,7,0.391
12,YouTube,LONG,8,1.181
12,YouTube,LONG,9,1.129
12,YouTube,LONG,10,0.879
12,YouTube,LONG,11,0.877
12,YouTube,LONG,12,0.996
12,YouTube,LONG,13,0.74
12,YouTube,LONG,14,0.476
12,YouTube,LONG,15,0.393
12,YouTube,LONG,16,0.659
12,YouTube,LONG,17,1.076
12,YouTube,LONG,18,0.916
12,YouTube,LONG,19,1.103
12,YouTube,LONG,20,1.18
12,YouTube,LONG,21,0.452
12,YouTube,LONG,22,1.114
12,YouTube,LONG,23,0.588
13,Instagram,SHORT,0,0.89
13,Instagram,SHORT,1,0.833
13,Instagram,SHORT,2,0.721
13,Instagram,SHORT,3,0.646
13,Instagram,SHORT,4,0.672
13,Instagram,SHORT,5,0.666
13,Instagram,SHORT,6,0.522
13,Instagram,SHORT,7,0.822
13,Instagram,SHORT,8,0.475
13,Instagram,SHORT,9,0.821
13,Instagram,SHORT,10,1.168
13,Instagram,SHORT,11,0.681
13,Instagram,SHORT,12,1.011
13,Instagram,SHORT,13,1.092
13,Instagram,SHORT,14,1.088
13,Instagram,SHORT,15,0.582
13,Instagram,SHORT,16,0.503
13,Instagram,SHORT,17,0.548
13,Instagram,SHORT,18,0.902
13,Instagram,SHORT,19,1.04
13,Instagram,SHORT,20,0.949
13,Instagram,SHORT,21,0.53
13,Instagram,SHORT,22,1.051
13,Instagram,SHORT,23,0.807
13,Instagram,LONG,0,0.704
13,Instagram,LONG,1,0.707
13,Instagram,LONG,2,0.522
13,Instagram,LONG,3,0.805
13,Instagram,LONG,4,0.591
13,Instagram,LONG,5,0.633
13,Instagram,LONG,6,0.627
13,Instagram,LONG,7,0.769
13,Instagram,LONG,8,0.628
13,Instagram,LONG,9,0.345
13,Instagram,LONG,10,0.296
13,Instagram,LONG,11,0.518
13,Instagram,LONG,12,0.435
13,Instagram,LONG,13,0.418
13,Instagram,LONG,14,0.288
13,Instagram,LONG,15,0.557
13,Instagram,LONG,16,0.44
13,Instagram,LONG,17,0.524
13,Instagram,LONG,18,0.289
13,Instagram,LONG,19,0.75
13,Instagram,LONG,20,0.301
13,Instagram,LONG,21,0.769
13,Instagram,LONG,22,0.764
13,Instagram,LONG,23,0.621
13,YouTube,SHORT,0,0.557
13,YouTube,SHORT,1,0.53
13,YouTube,SHORT,2,0.585
13,YouTube,SHORT,3,0.726
13,YouTube,SHORT,4,0.788
13,YouTube,SHORT,5,0.523
13,YouTube,SHORT,6,0.737
13,YouTube,SHORT,7,0.643
13,YouTube,SHORT,8,0.446
13,YouTube,SHORT,9,0.538
13,YouTube,SHORT,10,0.345
13,YouTube,SHORT,11,0.292
13,YouTube,SHORT,12,0.317
13,YouTube,SHORT,13,0.79
13,YouTube,SHORT,14,0.459
13,YouTube,SHORT,15,0.68
13,YouTube,SHORT,16,0.555
13,YouTube,SHORT,17,0.358
13,YouTube,SHORT,18,0.402
13,YouTube,SHORT,19,0.515
13,YouTube,SHORT,20,0.516
13,YouTube,SHORT,21,0.566
13,YouTube,SHORT,22,0.349
13,YouTube,SHORT,23,0.477
13,YouTube,LONG,0,0.623
13,YouTube,LONG,1,0.733
13,YouTube,LONG,2,0.671
13,YouTube,LONG,3,0.898
13,YouTube,LONG,4,1.066
13,YouTube,LONG,5,0.941
13,YouTube,LONG,6,0.433
13,YouTube,LONG,7,0.458
13,YouTube,LONG,8,0.969
13,YouTube,LONG,9,0.624
13,YouTube,LONG,10,1.008
13,YouTube,LONG,11,0.949
13,YouTube,LONG,12,1.168
13,YouTube,LONG,13,1.139
13,YouTube,LONG,14,0.667
13,YouTube,LONG,15,0.885
13,YouTube,LONG,16,0.499
13,YouTube,LONG,17,0.681
13,YouTube,LONG,18,1.222
13,YouTube,LONG,19,0.986
13,YouTube,LONG,20,0.718
13,YouTube,LONG,21,0.896
13,YouTube,LONG,22,1.196
13,YouTube,LONG,23,0.646
14,Instagram,SHORT,0,0.705
14,Instagram,SHORT,1,1.068
14,Instagram,SHORT,2,1.087
14,Instagram,SHORT,3,0.961
14,Instagram,SHORT,4,1.1
14,Instagram,SHORT,5,1.021
14,Instagram,SHORT,6,0.975
14,Instagram,SHORT,7,0.836
14,Instagram,SHORT,8,0.94
14,Instagram,SHORT,9,0.745
14,Instagram,SHORT,10,0.692
14,Instagram,SHORT,11,0.692
14,Instagram,SHORT,12,0.533
14,Instagram,SHORT,13,0.562
14,Instagram,SHORT,14,1.204
14,Instagram,SHORT,15,0.8
14,Instagram,SHORT,16,0.573
14,Instagram,SHORT,17,0.495
14,Instagram,SHORT,18,0.443
14,Instagram,SHORT,19,1.114
14,Instagram,SHORT,20,0.463
14,Instagram,SHORT,21,1.05
14,Instagram,SHORT,22,1.106
14,Instagram,SHORT,23,1.148
14,Instagram,LONG,0,0.277
14,Instagram,LONG,1,0.455
14,Instagram,LONG,2,0.711
14,Instagram,LONG,3,0.333
14,Instagram,LONG,4,0.479
14,Instagram,LONG,5,0.352
14,Instagram,LONG,6,0.75
14,Instagram,LONG,7,0.714
14,Instagram,LONG,8,0.736
14,Instagram,LONG,9,0.353
14,Instagram,LONG,10,0.515
14,Instagram,LONG,11,0.499
14,Instagram,LONG,12,0.657
14,Instagram,LONG,13,0.396
14,Instagram,LONG,14,0.519
14,Instagram,LONG,15,0.425
14,Instagram,LONG,16,0.7
14,Instagram,LONG,17,0.522
14,Instagram,LONG,18,0.573
14,Instagram,LONG,19,0.439
14,Instagram,LONG,20,0.736
14,Instagram,LONG,21,0.534
14,Instagram,LONG,22,0.752
14,Instagram,LONG,23,0.474
14,YouTube,SHORT,0,0.819
14,YouTube,SHORT,1,0.841
14,YouTube,SHORT,2,0.53
14,YouTube,SHORT,3,0.423
14,YouTube,SHORT,4,0.482
14,YouTube,SHORT,5,0.569
14,YouTube,SHORT,6,0.83
14,YouTube,SHORT,7,0.741
14,YouTube,SHORT,8,0.732
14,YouTube,SHORT,9,0.337
14,YouTube,SHORT,10,0.404
14,YouTube,SHORT,11,0.637
14,YouTube,SHORT,12,0.775
14,YouTube,SHORT,13,0.585
14,YouTube,SHORT,14,0.316
14,YouTube,SHORT,15,0.758
14,YouTube,SHORT,16,0.761
14,YouTube,SHORT,17,0.425
14,YouTube,SHORT,18,0.709
14,YouTube,SHORT,19,0.417
14,YouTube,SHORT,20,0.794
14,YouTube,SHORT,21,0.343
14,YouTube,SHORT,22,0.515
14,YouTube,SHORT,23,0.818
14,YouTube,LONG,0,0.569
14,YouTube,LONG,1,0.77
14,YouTube,LONG,2,0.681
14,YouTube,LONG,3,0.398
14,YouTube,LONG,4,0.422
14,YouTube,LONG,5,0.814
14,YouTube,LONG,6,0.581
14,YouTube,LONG,7,1.245
14,YouTube,LONG,8,0.703
14,YouTube,LONG,9,0.4
14,YouTube,LONG,10,1.189
14,YouTube,LONG,11,1.109
14,YouTube,LONG,12,0.944
14,YouTube,LONG,13,1.067
14,YouTube,LONG,14,0.495
14,YouTube,LONG,15,0.626
14,YouTube,LONG,16,1.101
14,YouTube,LONG,17,0.984
14,YouTube,LONG,18,0.496
14,YouTube,LONG,19,0.992
14,YouTube,LONG,20,0.768
14,YouTube,LONG,21,0.38
14,YouTube,LONG,22,0.444
14,YouTube,LONG,23,0.599
15,Instagram,SHORT,0,1.106
15,Instagram,SHORT,1,0.855
15,Instagram,SHORT,2,1.011
15,Instagram,SHORT,3,0.837
15,Instagram,SHORT,4,0.472
15,Instagram,SHORT,5,0.627
15,Instagram,SHORT,6,0.639
15,Instagram,SHORT,7,0.417
15,Instagram,SHORT,8,0.742
15,Instagram,SHORT,9,1.07
15,Instagram,SHORT,10,0.775
15,Instagram,SHORT,11,0.472
15,Instagram,SHORT,12,1.167
15,Instagram,SHORT,13,0.897
15,Instagram,SHORT,14,0.389
15,Instagram,SHORT,15,0.826
15,Instagram,SHORT,16,0.587
15,Instagram,SHORT,17,0.501
15,Instagram,SHORT,18,0.751
15,Instagram,SHORT,19,0.913
15,Instagram,SHORT,20,0.585
15,Instagram,SHORT,21,0.739
15,Instagram,SHORT,22,0.956
15,Instagram,SHORT,23,0.45
15,Instagram,LONG,0,0.835
15,Instagram,LONG,1,0.295
15,Instagram,LONG,2,0.568
15,Instagram,LONG,3,0.557
15,Instagram,LONG,4,0.843
15,Instagram,LONG,5,0.585
15,Instagram,LONG,6,0.487
15,Instagram,LONG,7,0.535
15,Instagram,LONG,8,0.633
15,Instagram,LONG,9,0.839
15,Instagram,LONG,10,0.406
15,Instagram,LONG,11,0.265
15,Instagram,LONG,12,0.724
15,Instagram,LONG,13,0.46
15,Instagram,LONG,14,0.691
15,Instagram,LONG,15,0.629
15,Instagram,LONG,16,0.714
15,Instagram,LONG,17,0.692
15,Instagram,LONG,18,0.453
15,Instagram,LONG,19,0.281
15,Instagram,LONG,20,0.58
15,Instagram,LONG,21,0.739
15,Instagram,LONG,22,0.359
15,Instagram,LONG,23,0.719
15,YouTube,SHORT,0,0.531
15,YouTube,SHORT,1,0.669
15,YouTube,SHORT,2,0.631
15,YouTube,SHORT,3,0.738
15,YouTube,SHORT,4,0.293
15,YouTube,SHORT,5,0.717
15,YouTube,SHORT,6,0.527
15,YouTube,SHORT,7,0.43
15,YouTube,SHORT,8,0.281
15,YouTube,SHORT,9,0.374
15,YouTube,SHORT,10,0.28
15,YouTube,SHORT,11,0.81
15,YouTube,SHORT,12,0.562
15,YouTube,SHORT,13,0.844
15,YouTube,SHORT,14,0.578
15,YouTube,SHORT,15,0.406
15,YouTube,SHORT,16,0.703
15,YouTube,SHORT,17,0.369
15,YouTube,SHORT,18,0.467
15,YouTube,SHORT,19,0.72
15,YouTube,SHORT,20,0.77
15,YouTube,SHORT,21,0.452
15,YouTube,SHORT,22,0.329
15,YouTube,SHORT,23,0.474
15,YouTube,LONG,0,1.153
15,YouTube,LONG,1,1.025
15,YouTube,LONG,2,1.158
15,YouTube,LONG,3,0.713
15,YouTube,LONG,4,1.227
15,YouTube,LONG,5,0.809
15,YouTube,LONG,6,0.81
15,YouTube,LONG,7,1.184
15,YouTube,LONG,8,0.829
15,YouTube,LONG,9,1.076
15,YouTube,LONG,10,1.011
15,YouTube,LONG,11,0.444
15,YouTube,LONG,12,0.902
15,YouTube,LONG,13,1.095
15,YouTube,LONG,14,0.852
15,YouTube,LONG,15,0.656
15,YouTube,LONG,16,0.445
15,YouTube,LONG,17,0.953
15,YouTube,LONG,18,0.643
15,YouTube,LONG,19,0.902
15,YouTube,LONG,20,0.748
15,YouTube,LONG,21,0.979
15,YouTube,LONG,22,0.683
15,YouTube,LONG,23,0.412
16,Instagram,SHORT,0,1.136
16,Instagram,SHORT,1,0.683
16,Instagram,SHORT,2,1.248
16,Instagram,SHORT,3,0.615
16,Instagram,SHORT,4,1.233
16,Instagram,SHORT,5,1.204
16,Instagram,SHORT,6,0.441
16,Instagram,SHORT,7,0.933
16,Instagram,SHORT,8,0.693
16,Instagram,SHORT,9,1.076
16,Instagram,SHORT,10,0.969
16,Instagram,SHORT,11,1.209
16,Instagram,SHORT,12,0.5
16,Instagram,SHORT,13,0.907
16,Instagram,SHORT,14,1.059
16,Instagram,SHORT,15,0.405
16,Instagram,SHORT,16,0.434
16,Instagram,SHORT,17,1.056
16,Instagram,SHORT,18,0.696
16,Instagram,SHORT,19,0.71
16,Instagram,SHORT,20,0.871
16,Instagram,SHORT,21,0.904
16,Instagram,SHORT,22,0.969
16,Instagram,SHORT,23,1.205
16,Instagram,LONG,0,0.476
16,Instagram,LONG,1,0.709
16,Instagram,LONG,2,0.596
16,Instagram,LONG,3,0.57
16,Instagram,LONG,4,0.492
16,Instagram,LONG,5,0.641
16,Instagram,LONG,6,0.404
16,Instagram,LONG,7,0.323
16,Instagram,LONG,8,0.693
16,Instagram,LONG,9,0.552
16,Instagram,LONG,10,0.485
16,Instagram,LONG,11,0.589
16,Instagram,LONG,12,0.411
16,Instagram,LONG,13,0.41
16,Instagram,LONG,14,0.521
16,Instagram,LONG,15,0.848
16,Instagram,LONG,16,0.425
16,Instagram,LONG,17,0.8
16,Instagram,LONG,18,0.547
16,Instagram,LONG,19,0.328
16,Instagram,LONG,20,0.762
16,Instagram,LONG,21,0.524
16,Instagram,LONG,22,0.79
16,Instagram,LONG,23,0.52
16,YouTube,SHORT,0,0.307
16,YouTube,SHORT,1,0.661
16,YouTube,SHORT,2,0.758
16,YouTube,SHORT,3,0.445
16,YouTube,SHORT,4,0.462
16,YouTube,SHORT,5,0.294
16,YouTube,SHORT,6,0.578
16,YouTube,SHORT,7,0.785
16,YouTube,SHORT,8,0.762
16,YouTube,SHORT,9,0.679
16,YouTube,SHORT,10,0.807
16,YouTube,SHORT,11,0.634
16,YouTube,SHORT,12,0.727
16,YouTube,SHORT,13,0.558
16,YouTube,SHORT,14,0.327
16,YouTube,SHORT,15,0.375
16,YouTube,SHORT,16,0.338
16,YouTube,SHORT,17,0.725
16,YouTube,SHORT,18,0.271
16,YouTube,SHORT,19,0.585
16,YouTube,SHORT,20,0.475
16,YouTube,SHORT,21,0.733
16,YouTube,SHORT,22,0.583
16,YouTube,SHORT,23,0.619
16,YouTube,LONG,0,0.45
16,YouTube,LONG,1,0.646
16,YouTube,LONG,2,1.25
16,YouTube,LONG,3,1.004
16,YouTube,LONG,4,0.835
16,YouTube,LONG,5,1.048
16,YouTube,LONG,6,1.095
16,YouTube,LONG,7,0.44
16,YouTube,LONG,8,1.226
16,YouTube,LONG,9,0.937
16,YouTube,LONG,10,0.769
16,YouTube,LONG,11,0.97
16,YouTube,LONG,12,0.676
16,YouTube,LONG,13,1.143
16,YouTube,LONG,14,1.058
16,YouTube,LONG,15,0.935
16,YouTube,LONG,16,0.534
16,YouTube,LONG,17,1.22
16,YouTube,LONG,18,0.754
16,YouTube,LONG,19,1.172
16,YouTube,LONG,20,0.423
16,YouTube,LONG,21,0.484
16,YouTube,LONG,22,0.509
16,YouTube,LONG,23,0.519
17,Instagram,SHORT,0,0.657
17,Instagram,SHORT,1,0.996
17,Instagram,SHORT,2,0.678
17,Instagram,SHORT,3,1.198
17,Instagram,SHORT,4,1.158
17,Instagram,SHORT,5,1.115
17,Instagram,SHORT,6,0.594
17,Instagram,SHORT,7,0.931
17,Instagram,SHORT,8,0.857
17,Instagram,SHORT,9,0.485
17,Instagram,SHORT,10,0.64
17,Instagram,SHORT,11,0.842
17,Instagram,SHORT,12,0.815
17,Instagram,SHORT,13,0.523
17,Instagram,SHORT,14,1.199
17,Instagram,SHORT,15,0.51
17,Instagram,SHORT,16,0.951
17,Instagram,SHORT,17,1.006
17,Instagram,SHORT,18,0.904
17,Instagram,SHORT,19,1.112
17,Instagram,SHORT,20,0.868
17,Instagram,SHORT,21,1.097
17,Instagram,SHORT,22,0.4
17,Instagram,SHORT,23,0.415
17,Instagram,LONG,0,0.637
17,Instagram,LONG,1,0.598
17,Instagram,LONG,2,0.642
17,Instagram,LONG,3,0.711
17,Instagram,LONG,4,0.503
17,Instagram,LONG,5,0.635
17,Instagram,LONG,6,0.551
17,Instagram,LONG,7,0.628
17,Instagram,LONG,8,0.427
17,Instagram,LONG,9,0.824
17,Instagram,LONG,10,0.542
17,Instagram,LONG,11,0.734
17,Instagram,LONG,12,0.663
17,Instagram,LONG,13,0.432
17,Instagram,LONG,14,0.298
17,Instagram,LONG,15,0.291
17,Instagram,LONG,16,0.517
17,Instagram,LONG,17,0.543
17,Instagram,LONG,18,0.376
17,Instagram,LONG,19,0.616
17,Instagram,LONG,20,0.441
17,Instagram,LONG,21,0.682
17,Instagram,LONG,22,0.692
17,Instagram,LONG,23,0.767
17,YouTube,SHORT,0,0.835
17,YouTube,SHORT,1,0.333
17,YouTube,SHORT,2,0.475
17,YouTube,SHORT,3,0.589
17,YouTube,SHORT,4,0.445
17,YouTube,SHORT,5,0.533
17,YouTube,SHORT,6,0.414
17,YouTube,SHORT,7,0.403
17,YouTube,SHORT,8,0.313
17,YouTube,SHORT,9,0.428
17,YouTube,SHORT,10,0.484
17,YouTube,SHORT,11,0.621
17,YouTube,SHORT,12,0.403
17,YouTube,SHORT,13,0.77
17,YouTube,SHORT,14,0.35
17,YouTube,SHORT,15,0.45
17,YouTube,SHORT,16,0.599
17,YouTube,SHORT,17,0.441
17,YouTube,SHORT,18,0.709
17,YouTube,SHORT,19,0.551
17,YouTube,SHORT,20,0.561
17,YouTube,SHORT,21,0.552
17,YouTube,SHORT,22,0.439
17,YouTube,SHORT,23,0.269
17,YouTube,LONG,0,1.202
17,YouTube,LONG,1,0.817
17,YouTube,LONG,2,1.221
17,YouTube,LONG,3,0.563
17,YouTube,LONG,4,0.684
17,YouTube,LONG,5,0.419
17,YouTube,LONG,6,0.808
17,YouTube,LONG,7,1.147
17,YouTube,LONG,8,0.947
17,YouTube,LONG,9,0.787
17,YouTube,LONG,10,0.845
17,YouTube,LONG,11,1.116
17,YouTube,LONG,12,0.752
17,YouTube,LONG,13,1.147
17,YouTube,LONG,14,1.012
17,YouTube,LONG,15,1.043
17,YouTube,LONG,16,0.695
17,YouTube,LONG,17,0.726
17,YouTube,LONG,18,0.874
17,YouTube,LONG,19,0.545
17,YouTube,LONG,20,0.859
17,YouTube,LONG,21,0.439
17,YouTube,LONG,22,0.816
17,YouTube,LONG,23,1.044
18,Instagram,SHORT,0,0.62
18,Instagram,SHORT,1,1.24
18,Instagram,SHORT,2,0.97
18,Instagram,SHORT,3,0.479
18,Instagram,SHORT,4,1.228
18,Instagram,SHORT,5,0.72
18,Instagram,SHORT,6,1.071
18,Instagram,SHORT,7,0.672
18,Instagram,SHORT,8,1.197
18,Instagram,SHORT,9,1.036
18,Instagram,SHORT,10,0.549
18,Instagram,SHORT,11,0.82
18,Instagram,SHORT,12,0.813
18,Instagram,SHORT,13,0.415
18,Instagram,SHORT,14,0.495
18,Instagram,SHORT,15,0.666
18,Instagram,SHORT,16,0.79
18,Instagram,SHORT,17,0.775
18,Instagram,SHORT,18,0.905
18,Instagram,SHORT,19,0.826
18,Instagram,SHORT,20,0.662
18,Instagram,SHORT,21,0.911
18,Instagram,SHORT,22,0.517
18,Instagram,SHORT,23,1.242
18,Instagram,LONG,0,0.695
18,Instagram,LONG,1,0.433
18,Instagram,LONG,2,0.455
18,Instagram,LONG,3,0.748
18,Instagram,LONG,4,0.572
18,Instagram,LONG,5,0.677
18,Instagram,LONG,6,0.433
18,Instagram,LONG,7,0.74
18,Instagram,LONG,8,0.474
18,Instagram,LONG,9,0.656
18,Instagram,LONG,10,0.838
18,Instagram,LONG,11,0.602
18,Instagram,LONG,12,0.729
18,Instagram,LONG,13,0.687
18,Instagram,LONG,14,0.664
18,Instagram,LONG,15,0.271
18,Instagram,LONG,16,0.537
18,Instagram,LONG,17,0.83
18,Instagram,LONG,18,0.721
18,Instagram,LONG,19,0.717
18,Instagram,LONG,20,0.599
18,Instagram,LONG,21,0.684
18,Instagram,LONG,22,0.602
18,Instagram,LONG,23,0.356
18,YouTube,SHORT,0,0.629
18,YouTube,SHORT,1,0.624
18,YouTube,SHORT,2,0.755
18,YouTube,SHORT,3,0.343
18,YouTube,SHORT,4,0.66
18,YouTube,SHORT,5,0.274
18,YouTube,SHORT,6,0.819
18,YouTube,SHORT,7,0.32
18,YouTube,SHORT,8,0.266
18,YouTube,SHORT,9,0.442
18,YouTube,SHORT,10,0.345
18,YouTube,SHORT,11,0.666
18,YouTube,SHORT,12,0.499
18,YouTube,SHORT,13,0.716
18,YouTube,SHORT,14,0.803
18,YouTube,SHORT,15,0.774
18,YouTube,SHORT,16,0.693
18,YouTube,SHORT,17,0.292
18,YouTube,SHORT,18,0.337
18,YouTube,SHORT,19,0.378
18,YouTube,SHORT,20,0.448
18,YouTube,SHORT,21,0.649
18,YouTube,SHORT,22,0.568
18,YouTube,SHORT,23,0.442
18,YouTube,LONG,0,0.527
18,YouTube,LONG,1,1.173
18,YouTube,LONG,2,0.675
18,YouTube,LONG,3,0.685
18,YouTube,LONG,4,1.05
18,YouTube,LONG,5,1.006
18,YouTube,LONG,6,0.938
18,YouTube,LONG,7,0.982
18,YouTube,LONG,8,0.909
18,YouTube,LONG,9,0.543
18,YouTube,LONG,10,0.591
18,YouTube,LONG,11,0.863
18,YouTube,LONG,12,0.572
18,YouTube,LONG,13,1.226
18,YouTube,LONG,14,0.635
18,YouTube,LONG,15,0.628
18,YouTube,LONG,16,0.556
18,YouTube,LONG,17,0.992
18,YouTube,LONG,18,0.652
18,YouTube,LONG,19,0.68
18,YouTube,LONG,20,1.192
18,YouTube,LONG,21,1.071
18,YouTube,LONG,22,0.614
18,YouTube,LONG,23,0.482
19,Instagram,SHORT,0,0.967
19,Instagram,SHORT,1,0.707
19,Instagram,SHORT,2,1.233
19,Instagram,SHORT,3,1.091
19,Instagram,SHORT,4,1.21
19,Instagram,SHORT,5,1.079
19,Instagram,SHORT,6,0.629
19,Instagram,SHORT,7,0.627
19,Instagram,SHORT,8,1.0
19,Instagram,SHORT,9,0.678
19,Instagram,SHORT,10,0.762
19,Instagram,SHORT,11,0.599
19,Instagram,SHORT,12,0.794
19,Instagram,SHORT,13,0.552
19,Instagram,SHORT,14,0.846
19,Instagram,SHORT,15,1.191
19,Instagram,SHORT,16,0.984
19,Instagram,SHORT,17,0.495
19,Instagram,SHORT,18,0.914
19,Instagram,SHORT,19,0.888
19,Instagram,SHORT,20,0.587
19,Instagram,SHORT,21,0.961
19,Instagram,SHORT,22,0.84
19,Instagram,SHORT,23,0.933
19,Instagram,LONG,0,0.286
19,Instagram,LONG,1,0.501
19,Instagram,LONG,2,0.682
19,Instagram,LONG,3,0.315
19,Instagram,LONG,4,0.714
19,Instagram,LONG,5,0.258
19,Instagram,LONG,6,0.582
19,Instagram,LONG,7,0.808
19,Instagram,LONG,8,0.497
19,Instagram,LONG,9,0.811
19,Instagram,LONG,10,0.778
19,Instagram,LONG,11,0.539
19,Instagram,LONG,12,0.374
19,Instagram,LONG,13,0.829
19,Instagram,LONG,14,0.446
19,Instagram,LONG,15,0.639
19,Instagram,LONG,16,0.795
19,Instagram,LONG,17,0.308
19,Instagram,LONG,18,0.597
19,Instagram,LONG,19,0.573
19,Instagram,LONG,20,0.685
19,Instagram,LONG,21,0.812
19,Instagram,LONG,22,0.798
19,Instagram,LONG,23,0.359
19,YouTube,SHORT,0,0.78
19,YouTube,SHORT,1,0.36
19,YouTube,SHORT,2,0.802
19,YouTube,SHORT,3,0.848
19,YouTube,SHORT,4,0.491
19,YouTube,SHORT,5,0.55
19,YouTube,SHORT,6,0.812
19,YouTube,SHORT,7,0.827
19,YouTube,SHORT,8,0.806
19,YouTube,SHORT,9,0.777
19,YouTube,SHORT,10,0.261
19,YouTube,SHORT,11,0.593
19,YouTube,SHORT,12,0.319
19,YouTube,SHORT,13,0.84
19,YouTube,SHORT,14,0.424
19,YouTube,SHORT,15,0.844
19,YouTube,SHORT,16,0.578
19,YouTube,SHORT,17,0.549
19,YouTube,SHORT,18,0.813
19,YouTube,SHORT,19,0.761
19,YouTube,SHORT,20,0.533
19,YouTube,SHORT,21,0.37
19,YouTube,SHORT,22,0.322
19,YouTube,SHORT,23,0.352
19,YouTube,LONG,0,0.777
19,YouTube,LONG,1,0.6
19,YouTube,LONG,2,0.538
19,YouTube,LONG,3,1.02
19,YouTube,LONG,4,1.067
19,YouTube,LONG,5,0.872
19,YouTube,LONG,6,1.038
19,YouTube,LONG,7,0.529
19,YouTube,LONG,8,1.124
19,YouTube,LONG,9,1.16
19,YouTube,LONG,10,1.099
19,YouTube,LONG,11,0.826
19,YouTube,LONG,12,0.451
19,YouTube,LONG,13,0.961
19,YouTube,LONG,14,0.537
19,YouTube,LONG,15,0.498
19,YouTube,LONG,16,0.658
19,YouTube,LONG,17,0.592
19,YouTube,LONG,18,0.603
19,YouTube,LONG,19,0.581
19,YouTube,LONG,20,1.035
19,YouTube,LONG,21,1.21
19,YouTube,LONG,22,0.639
19,YouTube,LONG,23,1.008
20,Instagram,SHORT,0,0.385
20,Instagram,SHORT,1,0.947
20,Instagram,SHORT,2,0.981
20,Instagram,SHORT,3,0.429
20,Instagram,SHORT,4,0.478
20,Instagram,SHORT,5,0.643
20,Instagram,SHORT,6,0.73
20,Instagram,SHORT,7,0.815
20,Instagram,SHORT,8,1.158
20,Instagram,SHORT,9,0.991
20,Instagram,SHORT,10,0.647
20,Instagram,SHORT,11,0.478
20,Instagram,SHORT,12,1.177
20,Instagram,SHORT,13,0.633
20,Instagram,SHORT,14,0.913
20,Instagram,SHORT,15,0.567
20,Instagram,SHORT,16,0.492
20,Instagram,SHORT,17,0.509
20,Instagram,SHORT,18,1.029
20,Instagram,SHORT,19,0.905
20,Instagram,SHORT,20,0.739
20,Instagram,SHORT,21,0.856
20,Instagram,SHORT,22,0.787
20,Instagram,SHORT,23,0.845
20,Instagram,LONG,0,0.65
20,Instagram,LONG,1,0.385
20,Instagram,LONG,2,0.402
20,Instagram,LONG,3,0.704
20,Instagram,LONG,4,0.775
20,Instagram,LONG,5,0.304
20,Instagram,LONG,6,0.521
20,Instagram,LONG,7,0.674
20,Instagram,LONG,8,0.301
20,Instagram,LONG,9,0.591
20,Instagram,LONG,10,0.292
20,Instagram,LONG,11,0.581
20,Instagram,LONG,12,0.556
20,Instagram,LONG,13,0.596
20,Instagram,LONG,14,0.344
20,Instagram,LONG,15,0.45
20,Instagram,LONG,16,0.565
20,Instagram,LONG,17,0.324
20,Instagram,LONG,18,0.377
20,Instagram,LONG,19,0.602
20,Instagram,LONG,20,0.309
20,Instagram,LONG,21,0.559
20,Instagram,LONG,22,0.736
20,Instagram,LONG,23,0.525
20,YouTube,SHORT,0,0.56
20,YouTube,SHORT,1,0.527
20,YouTube,SHORT,2,0.289
20,YouTube,SHORT,3,0.53
20,YouTube,SHORT,4,0.735
20,YouTube,SHORT,5,0.685
20,YouTube,SHORT,6,0.491
20,YouTube,SHORT,7,0.741
20,YouTube,SHORT,8,0.699
20,YouTube,SHORT,9,0.599
20,YouTube,SHORT,10,0.282
20,YouTube,SHORT,11,0.46
20,YouTube,SHORT,12,0.293
20,YouTube,SHORT,13,0.847
20,YouTube,SHORT,14,0.811
20,YouTube,SHORT,15,0.296
20,YouTube,SHORT,16,0.811
20,YouTube,SHORT,17,0.274
20,YouTube,SHORT,18,0.498
20,YouTube,SHORT,19,0.713
20,YouTube,SHORT,20,0.711
20,YouTube,SHORT,21,0.837
20,YouTube,SHORT,22,0.639
20,YouTube,SHORT,23,0.505
20,YouTube,LONG,0,1.244
20,YouTube,LONG,1,0.71
20,YouTube,LONG,2,1.136
20,YouTube,LONG,3,1.168
20,YouTube,LONG,4,0.704
20,YouTube,LONG,5,0.972
20,YouTube,LONG,6,0.954
20,YouTube,LONG,7,0.847
20,YouTube,LONG,8,0.947
20,YouTube,LONG,9,0.679
20,YouTube,LONG,10,0.531
20,YouTube,LONG,11,0.845
20,YouTube,LONG,12,0.838
20,YouTube,LONG,13,1.012
20,YouTube,LONG,14,0.57
20,YouTube,LONG,15,0.378
20,YouTube,LONG,16,0.395
20,YouTube,LONG,17,0.636
20,YouTube,LONG,18,0.964
20,YouTube,LONG,19,0.851
20,YouTube,LONG,20,0.84
20,YouTube,LONG,21,1.095
20,YouTube,LONG,22,0.592
20,YouTube,LONG,23,0.678
21,Instagram,SHORT,0,0.616
21,Instagram,SHORT,1,1.195
21,Instagram,SHORT,2,1.009
21,Instagram,SHORT,3,0.474
21,Instagram,SHORT,4,1.083
21,Instagram,SHORT,5,0.742
21,Instagram,SHORT,6,1.045
21,Instagram,SHORT,7,1.148
21,Instagram,SHORT,8,0.389
21,Instagram,SHORT,9,0.555
21,Instagram,SHORT,10,0.463
21,Instagram,SHORT,11,0.404
21,Instagram,SHORT,12,0.898
21,Instagram,SHORT,13,0.99
21,Instagram,SHORT,14,0.418
21,Instagram,SHORT,15,1.023
21,Instagram,SHORT,16,0.727
21,Instagram,SHORT,17,0.58
21,Instagram,SHORT,18,0.565
21,Instagram,SHORT,19,1.131
21,Instagram,SHORT,20,0.424
21,Instagram,SHORT,21,0.816
21,Instagram,SHORT,22,0.628
21,Instagram,SHORT,23,1.089
21,Instagram,LONG,0,0.69
21,Instagram,LONG,1,0.445
21,Instagram,LONG,2,0.611
21,Instagram,LONG,3,0.655
21,Instagram,LONG,4,0.446
21,Instagram,LONG,5,0.435
21,Instagram,LONG,6,0.34
21,Instagram,LONG,7,0.648
21,Instagram,LONG,8,0.387
21,Instagram,LONG,9,0.434
21,Instagram,LONG,10,0.291
21,Instagram,LONG,11,0.819
21,Instagram,LONG,12,0.778
21,Instagram,LONG,13,0.797
21,Instagram,LONG,14,0.627
21,Instagram,LONG,15,0.509
21,Instagram,LONG,16,0.55
21,Instagram,LONG,17,0.834
21,Instagram,LONG,18,0.815
21,Instagram,LONG,19,0.654
21,Instagram,LONG,20,0.723
21,Instagram,LONG,21,0.445
21,Instagram,LONG,22,0.503
21,Instagram,LONG,23,0.344
21,YouTube,SHORT,0,0.479
21,YouTube,SHORT,1,0.704
21,YouTube,SHORT,2,0.537
21,YouTube,SHORT,3,0.76
21,YouTube,SHORT,4,0.434
21,YouTube,SHORT,5,0.676
21,YouTube,SHORT,6,0.734
21,YouTube,SHORT,7,0.799
21,YouTube,SHORT,8,0.59
21,YouTube,SHORT,9,0.831
21,YouTube,SHORT,10,0.587
21,YouTube,SHORT,11,0.335
21,YouTube,SHORT,12,0.4
21,YouTube,SHORT,13,0.376
21,YouTube,SHORT,14,0.64
21,YouTube,SHORT,15,0.804
21,YouTube,SHORT,16,0.759
21,YouTube,SHORT,17,0.31
21,YouTube,SHORT,18,0.686
21,YouTube,SHORT,19,0.368
21,YouTube,SHORT,20,0.415
21,YouTube,SHORT,21,0.656
21,YouTube,SHORT,22,0.614
21,YouTube,SHORT,23,0.775
21,YouTube,LONG,0,0.54
21,YouTube,LONG,1,1.041
21,YouTube,LONG,2,1.009
21,YouTube,LONG,3,0.864
21,YouTube,LONG,4,0.794
21,YouTube,LONG,5,1.136
21,YouTube,LONG,6,0.666
21,YouTube,LONG,7,1.212
21,YouTube,LONG,8,0.388
21,YouTube,LONG,9,1.195
21,YouTube,LONG,10,1.217
21,YouTube,LONG,11,0.478
21,YouTube,LONG,12,1.25
21,YouTube,LONG,13,0.794
21,YouTube,LONG,14,0.587
21,YouTube,LONG,15,0.904
21,YouTube,LONG,16,0.554
21,YouTube,LONG,17,1.176
21,YouTube,LONG,18,0.858
21,YouTube,LONG,19,1.054
21,YouTube,LONG,20,0.708
21,YouTube,LONG,21,0.842
21,YouTube,LONG,22,0.689
21,YouTube,LONG,23,0.604
22,Instagram,SHORT,0,0.824
22,Instagram,SHORT,1,0.81
22,Instagram,SHORT,2,0.461
22,Instagram,SHORT,3,1.234
22,Instagram,SHORT,4,0.786
22,Instagram,SHORT,5,1.11
22,Instagram,SHORT,6,1.175
22,Instagram,SHORT,7,0.699
22,Instagram,SHORT,8,0.737
22,Instagram,SHORT,9,0.867
22,Instagram,SHORT,10,0.569
22,Instagram,SHORT,11,0.503
22,Instagram,SHORT,12,0.603
22,Instagram,SHORT,13,1.193
22,Instagram,SHORT,14,0.882
22,Instagram,SHORT,15,0.74
22,Instagram,SHORT,16,0.508
22,Instagram,SHORT,17,0.664
22,Instagram,SHORT,18,0.707
22,Instagram,SHORT,19,1.104
22,Instagram,SHORT,20,0.812
22,Instagram,SHORT,21,0.948
22,Instagram,SHORT,22,0.974
22,Instagram,SHORT,23,0.6
22,Instagram,LONG,0,0.744
22,Instagram,LONG,1,0.83
22,Instagram,LONG,2,0.637
22,Instagram,LONG,3,0.547
22,Instagram,LONG,4,0.355
22,Instagram,LONG,5,0.728
22,Instagram,LONG,6,0.356
22,Instagram,LONG,7,0.684
22,Instagram,LONG,8,0.546
22,Instagram,LONG,9,0.801
22,Instagram,LONG,10,0.578
22,Instagram,LONG,11,0.637
22,Instagram,LONG,12,0.29
22,Instagram,LONG,13,0.275
22,Instagram,LONG,14,0.759
22,Instagram,LONG,15,0.817
22,Instagram,LONG,16,0.653
22,Instagram,LONG,17,0.71
22,Instagram,LONG,18,0.5
22,Instagram,LONG,19,0.756
22,Instagram,LONG,20,0.393
22,Instagram,LONG,21,0.676
22,Instagram,LONG,22,0.26
22,Instagram,LONG,23,0.556
22,YouTube,SHORT,0,0.477
22,YouTube,SHORT,1,0.623
22,YouTube,SHORT,2,0.652
22,YouTube,SHORT,3,0.622
22,YouTube,SHORT,4,0.543
22,YouTube,SHORT,5,0.545
22,YouTube,SHORT,6,0.259
22,YouTube,SHORT,7,0.583
22,YouTube,SHORT,8,0.262
22,YouTube,SHORT,9,0.57
22,YouTube,SHORT,10,0.418
22,YouTube,SHORT,11,0.837
22,YouTube,SHORT,12,0.265
22,YouTube,SHORT,13,0.739
22,YouTube,SHORT,14,0.656
22,YouTube,SHORT,15,0.735
22,YouTube,SHORT,16,0.796
22,YouTube,SHORT,17,0.319
22,YouTube,SHORT,18,0.312
22,YouTube,SHORT,19,0.344
22,YouTube,SHORT,20,0.369
22,YouTube,SHORT,21,0.568
22,YouTube,SHORT,22,0.74
22,YouTube,SHORT,23,0.414
22,YouTube,LONG,0,0.722
22,YouTube,LONG,1,0.701
22,YouTube,LONG,2,0.73
22,YouTube,LONG,3,0.869
22,YouTube,LONG,4,1.241
22,YouTube,LONG,5,0.573
22,YouTube,LONG,6,0.974
22,YouTube,LONG,7,1.117
22,YouTube,LONG,8,0.947
22,YouTube,LONG,9,1.126
22,YouTube,LONG,10,1.04
22,YouTube,LONG,11,0.457
22,YouTube,LONG,12,0.707
22,YouTube,LONG,13,0.859
22,YouTube,LONG,14,0.424
22,YouTube,LONG,15,0.383
22,YouTube,LONG,16,0.525
22,YouTube,LONG,17,0.812
22,YouTube,LONG,18,0.755
22,YouTube,LONG,19,1.061
22,YouTube,LONG,20,0.87
22,YouTube,LONG,21,1.126
22,YouTube,LONG,22,0.458
22,YouTube,LONG,23,0.837
23,Instagram,SHORT,0,0.412
23,Instagram,SHORT,1,0.56
23,Instagram,SHORT,2,1.135
23,Instagram,SHORT,3,1.152
23,Instagram,SHORT,4,0.791
23,Instagram,SHORT,5,0.416
23,Instagram,SHORT,6,0.44
23,Instagram,SHORT,7,1.185
23,Instagram,SHORT,8,1.162
23,Instagram,SHORT,9,0.868
23,Instagram,SHORT,10,0.404
23,Instagram,SHORT,11,1.188
23,Instagram,SHORT,12,0.65
23,Instagram,SHORT,13,1.216
23,Instagram,SHORT,14,0.889
23,Instagram,SHORT,15,1.033
23,Instagram,SHORT,16,0.999
23,Instagram,SHORT,17,0.724
23,Instagram,SHORT,18,0.442
23,Instagram,SHORT,19,0.517
23,Instagram,SHORT,20,0.585
23,Instagram,SHORT,21,1.105
23,Instagram,SHORT,22,0.716
23,Instagram,SHORT,23,1.159
23,Instagram,LONG,0,0.452
23,Instagram,LONG,1,0.705
23,Instagram,LONG,2,0.338
23,Instagram,LONG,3,0.843
23,Instagram,LONG,4,0.686
23,Instagram,LONG,5,0.553
23,Instagram,LONG,6,0.835
23,Instagram,LONG,7,0.287
23,Instagram,LONG,8,0.515
23,Instagram,LONG,9,0.754
23,Instagram,LONG,10,0.458
23,Instagram,LONG,11,0.713
23,Instagram,LONG,12,0.823
23,Instagram,LONG,13,0.491
23,Instagram,LONG,14,0.715
23,Instagram,LONG,15,0.273
23,Instagram,LONG,16,0.418
23,Instagram,LONG,17,0.846
23,Instagram,LONG,18,0.547
23,Instagram,LONG,19,0.467
23,Instagram,LONG,20,0.815
23,Instagram,LONG,21,0.512
23,Instagram,LONG,22,0.659
23,Instagram,LONG,23,0.648
23,YouTube,SHORT,0,0.306
23,YouTube,SHORT,1,0.623
23,YouTube,SHORT,2,0.73
23,YouTube,SHORT,3,0.679
23,YouTube,SHORT,4,0.304
23,YouTube,SHORT,5,0.347
23,YouTube,SHORT,6,0.678
23,YouTube,SHORT,7,0.632
23,YouTube,SHORT,8,0.695
23,YouTube,SHORT,9,0.443
23,YouTube,SHORT,10,0.318
23,YouTube,SHORT,11,0.258
23,YouTube,SHORT,12,0.438
23,YouTube,SHORT,13,0.469
23,YouTube,SHORT,14,0.416
23,YouTube,SHORT,15,0.334
23,YouTube,SHORT,16,0.366
23,YouTube,SHORT,17,0.522
23,YouTube,SHORT,18,0.585
23,YouTube,SHORT,19,0.498
23,YouTube,SHORT,20,0.271
23,YouTube,SHORT,21,0.466
23,YouTube,SHORT,22,0.31
23,YouTube,SHORT,23,0.611
23,YouTube,LONG,0,0.659
23,YouTube,LONG,1,0.712
23,YouTube,LONG,2,0.63
23,YouTube,LONG,3,0.714
23,YouTube,LONG,4,0.449
23,YouTube,LONG,5,1.163
23,YouTube,LONG,6,1.167
23,YouTube,LONG,7,1.231
23,YouTube,LONG,8,0.875
23,YouTube,LONG,9,0.523
23,YouTube,LONG,10,0.708
23,YouTube,LONG,11,0.496
23,YouTube,LONG,12,0.638
23,YouTube,LONG,13,0.806
23,YouTube,LONG,14,0.43
23,YouTube,LONG,15,0.755
23,YouTube,LONG,16,0.743
23,YouTube,LONG,17,0.799
23,YouTube,LONG,18,0.442
23,YouTube,LONG,19,0.595
23,YouTube,LONG,20,0.591
23,YouTube,LONG,21,0.922
23,YouTube,LONG,22,0.895
23,YouTube,LONG,23,0.546
24,Instagram,SHORT,0,0.469
24,Instagram,SHORT,1,0.642
24,Instagram,SHORT,2,1.205
24,Instagram,SHORT,3,0.666
24,Instagram,SHORT,4,0.918
24,Instagram,SHORT,5,1.079
24,Instagram,SHORT,6,0.663
24,Instagram,SHORT,7,0.668
24,Instagram,SHORT,8,1.089
24,Instagram,SHORT,9,1.127
24,Instagram,SHORT,10,1.227
24,Instagram,SHORT,11,0.494
24,Instagram,SHORT,12,0.656
24,Instagram,SHORT,13,1.204
24,Instagram,SHORT,14,0.551
24,Instagram,SHORT,15,0.65
24,Instagram,SHORT,16,1.219
24,Instagram,SHORT,17,1.223
24,Instagram,SHORT,18,0.63
24,Instagram,SHORT,19,0.983
24,Instagram,SHORT,20,0.805
24,Instagram,SHORT,21,0.879
24,Instagram,SHORT,22,0.587
24,Instagram,SHORT,23,0.704
24,Instagram,LONG,0,0.741
24,Instagram,LONG,1,0.489
24,Instagram,LONG,2,0.323
24,Instagram,LONG,3,0.59
24,Instagram,LONG,4,0.607
24,Instagram,LONG,5,0.58
24,Instagram,LONG,6,0.661
24,Instagram,LONG,7,0.582
24,Instagram,LONG,8,0.822
24,Instagram,LONG,9,0.53
24,Instagram,LONG,10,0.676
24,Instagram,LONG,11,0.516
24,Instagram,LONG,12,0.428
24,Instagram,LONG,13,0.667
24,Instagram,LONG,14,0.742
24,Instagram,LONG,15,0.728
24,Instagram,LONG,16,0.498
24,Instagram,LONG,17,0.552
24,Instagram,LONG,18,0.632
24,Instagram,LONG,19,0.399
24,Instagram,LONG,20,0.647
24,Instagram,LONG,21,0.681
24,Instagram,LONG,22,0.725
24,Instagram,LONG,23,0.299
24,YouTube,SHORT,0,0.844
24,YouTube,SHORT,1,0.54
24,YouTube,SHORT,2,0.493
24,YouTube,SHORT,3,0.556
24,YouTube,SHORT,4,0.803
24,YouTube,SHORT,5,0.667
24,YouTube,SHORT,6,0.578
24,YouTube,SHORT,7,0.725
24,YouTube,SHORT,8,0.469
24,YouTube,SHORT,9,0.788
24,YouTube,SHORT,10,0.574
24,YouTube,SHORT,11,0.635
24,YouTube,SHORT,12,0.306
24,YouTube,SHORT,13,0.713
24,YouTube,SHORT,14,0.646
24,YouTube,SHORT,15,0.466
24,YouTube,SHORT,16,0.64
24,YouTube,SHORT,17,0.281
24,YouTube,SHORT,18,0.84
24,YouTube,SHORT,19,0.658
24,YouTube,SHORT,20,0.493
24,YouTube,SHORT,21,0.703
24,YouTube,SHORT,22,0.83
24,YouTube,SHORT,23,0.511
24,YouTube,LONG,0,0.384
24,YouTube,LONG,1,0.601
24,YouTube,LONG,2,0.822
24,YouTube,LONG,3,0.829
24,YouTube,LONG,4,0.883
24,YouTube,LONG,5,0.878
24,YouTube,LONG,6,0.765
24,YouTube,LONG,7,0.717
24,YouTube,LONG,8,1.051
24,YouTube,LONG,9,0.89
24,YouTube,LONG,10,0.813
24,YouTube,LONG,11,0.677
24,YouTube,LONG,12,0.396
24,YouTube,LONG,13,0.466
24,YouTube,LONG,14,0.739
24,YouTube,LONG,15,1.217
24,YouTube,LONG,16,0.477
24,YouTube,LONG,17,1.198
24,YouTube,LONG,18,0.499
24,YouTube,LONG,19,0.648
24,YouTube,LONG,20,0.773
24,YouTube,LONG,21,0.556
24,YouTube,LONG,22,0.798
24,YouTube,LONG,23,0.792
25,Instagram,SHORT,0,0.758
25,Instagram,SHORT,1,0.985
25,Instagram,SHORT,2,0.654
25,Instagram,SHORT,3,0.638
25,Instagram,SHORT,4,1.084
25,Instagram,SHORT,5,0.476
25,Instagram,SHORT,6,1.118
25,Instagram,SHORT,7,0.942
25,Instagram,SHORT,8,0.967
25,Instagram,SHORT,9,0.519
25,Instagram,SHORT,10,1.236
25,Instagram,SHORT,11,0.588
25,Instagram,SHORT,12,0.528
25,Instagram,SHORT,13,0.515
25,Instagram,SHORT,14,0.865
25,Instagram,SHORT,15,1.214
25,Instagram,SHORT,16,0.578
25,Instagram,SHORT,17,0.729
25,Instagram,SHORT,18,0.536
25,Instagram,SHORT,19,0.935
25,Instagram,SHORT,20,0.753
25,Instagram,SHORT,21,0.401
25,Instagram,SHORT,22,0.912
25,Instagram,SHORT,23,0.548
25,Instagram,LONG,0,0.607
25,Instagram,LONG,1,0.486
25,Instagram,LONG,2,0.674
25,Instagram,LONG,3,0.377
25,Instagram,LONG,4,0.703
25,Instagram,LONG,5,0.736
25,Instagram,LONG,6,0.292
25,Instagram,LONG,7,0.316
25,Instagram,LONG,8,0.774
25,Instagram,LONG,9,0.366
25,Instagram,LONG,10,0.449
25,Instagram,LONG,11,0.527
25,Instagram,LONG,12,0.411
25,Instagram,LONG,13,0.768
25,Instagram,LONG,14,0.569
25,Instagram,LONG,15,0.635
25,Instagram,LONG,16,0.61
25,Instagram,LONG,17,0.619
25,Instagram,LONG,18,0.604
25,Instagram,LONG,19,0.462
25,Instagram,LONG,20,0.758
25,Instagram,LONG,21,0.622
25,Instagram,LONG,22,0.739
25,Instagram,LONG,23,0.675
25,YouTube,SHORT,0,0.432
25,YouTube,SHORT,1,0.621
25,YouTube,SHORT,2,0.305
25,YouTube,SHORT,3,0.335
25,YouTube,SHORT,4,0.325
25,YouTube,SHORT,5,0.437
25,YouTube,SHORT,6,0.364
25,YouTube,SHORT,7,0.668
25,YouTube,SHORT,8,0.559
25,YouTube,SHORT,9,0.504
25,YouTube,SHORT,10,0.337
25,YouTube,SHORT,11,0.483
25,YouTube,SHORT,12,0.366
25,YouTube,SHORT,13,0.633
25,YouTube,SHORT,14,0.668
25,YouTube,SHORT,15,0.639
25,YouTube,SHORT,16,0.85
25,YouTube,SHORT,17,0.585
25,YouTube,SHORT,18,0.546
25,YouTube,SHORT,19,0.338
25,YouTube,SHORT,20,0.442
25,YouTube,SHORT,21,0.523
25,YouTube,SHORT,22,0.287
25,YouTube,SHORT,23,0.469
25,YouTube,LONG,0,0.383
25,YouTube,LONG,1,0.494
25,YouTube,LONG,2,1.088
25,YouTube,LONG,3,1.218
25,YouTube,LONG,4,0.817
25,YouTube,LONG,5,0.808
25,YouTube,LONG,6,0.974
25,YouTube,LONG,7,0.739
25,YouTube,LONG,8,1.11
25,YouTube,LONG,9,0.803
25,YouTube,LONG,10,0.447
25,YouTube,LONG,11,0.402
25,YouTube,LONG,12,1.041
25,YouTube,LONG,13,0.631
25,YouTube,LONG,14,0.615
25,YouTube,LONG,15,0.845
25,YouTube,LONG,16,0.522
25,YouTube,LONG,17,0.775
25,YouTube,LONG,18,1.025
25,YouTube,LONG,19,1.045
25,YouTube,LONG,20,0.856
25,YouTube,LONG,21,0.474
25,YouTube,LONG,22,0.475
25,YouTube,LONG,23,1.053
26,Instagram,SHORT,0,1.095
26,Instagram,SHORT,1,0.696
26,Instagram,SHORT,2,1.095
26,Instagram,SHORT,3,0.411
26,Instagram,SHORT,4,1.004
26,Instagram,SHORT,5,0.853
26,Instagram,SHORT,6,1.241
26,Instagram,SHORT,7,0.465
26,Instagram,SHORT,8,1.101
26,Instagram,SHORT,9,1.032
26,Instagram,SHORT,10,0.635
26,Instagram,SHORT,11,1.249
26,Instagram,SHORT,12,0.769
26,Instagram,SHORT,13,0.68
26,Instagram,SHORT,14,1.09
26,Instagram,SHORT,15,0.759
26,Instagram,SHORT,16,1.245
26,Instagram,SHORT,17,1.054
26,Instagram,SHORT,18,0.582
26,Instagram,SHORT,19,1.084
26,Instagram,SHORT,20,0.889
26,Instagram,SHORT,21,0.682
26,Instagram,SHORT,22,0.997
26,Instagram,SHORT,23,0.929
26,Instagram,LONG,0,0.354
26,Instagram,LONG,1,0.338
26,Instagram,LONG,2,0.378
26,Instagram,LONG,3,0.378
26,Instagram,LONG,4,0.29
26,Instagram,LONG,5,0.464
26,Instagram,LONG,6,0.422
26,Instagram,LONG,7,0.576
26,Instagram,LONG,8,0.448
26,Instagram,LONG,9,0.674
26,Instagram,LONG,10,0.427
26,Instagram,LONG,11,0.414
26,Instagram,LONG,12,0.766
26,Instagram,LONG,13,0.841
26,Instagram,LONG,14,0.659
26,Instagram,LONG,15,0.312
26,Instagram,LONG,16,0.828
26,Instagram,LONG,17,0.722
26,Instagram,LONG,18,0.802
26,Instagram,LONG,19,0.846
26,Instagram,LONG,20,0.771
26,Instagram,LONG,21,0.33
26,Instagram,LONG,22,0.77
26,Instagram,LONG,23,0.404
26,YouTube,SHORT,0,0.678
26,YouTube,SHORT,1,0.748
26,YouTube,SHORT,2,0.708
26,YouTube,SHORT,3,0.657
26,YouTube,SHORT,4,0.546
26,YouTube,SHORT,5,0.599
26,YouTube,SHORT,6,0.415
26,YouTube,SHORT,7,0.501
26,YouTube,SHORT,8,0.524
26,YouTube,SHORT,9,0.632
26,YouTube,SHORT,10,0.779
26,YouTube,SHORT,11,0.31
26,YouTube,SHORT,12,0.562
26,YouTube,SHORT,13,0.421
26,YouTube,SHORT,14,0.812
26,YouTube,SHORT,15,0.475
26,YouTube,SHORT,16,0.82
26,YouTube,SHORT,17,0.45
26,YouTube,SHORT,18,0.256
26,YouTube,SHORT,19,0.716
26,YouTube,SHORT,20,0.691
26,YouTube,SHORT,21,0.69
26,YouTube,SHORT,22,0.528
26,YouTube,SHORT,23,0.65
26,YouTube,LONG,0,0.688
26,YouTube,LONG,1,0.43
26,YouTube,LONG,2,0.843
26,YouTube,LONG,3,0.566
26,YouTube,LONG,4,0.751
26,YouTube,LONG,5,0.56
26,YouTube,LONG,6,0.61
26,YouTube,LONG,7,1.1
26,YouTube,LONG,8,0.671
26,YouTube,LONG,9,0.881
26,YouTube,LONG,10,0.87
26,YouTube,LONG,11,0.8
26,YouTube,LONG,12,0.676
26,YouTube,LONG,13,0.972
26,YouTube,LONG,14,0.417
26,YouTube,LONG,15,0.462
26,YouTube,LONG,16,1.061
26,YouTube,LONG,17,0.777
26,YouTube,LONG,18,0.484
26,YouTube,LONG,19,1.125
26,YouTube,LONG,20,0.761
26,YouTube,LONG,21,0.376
26,YouTube,LONG,22,1.213
26,YouTube,LONG,23,0.552
27,Instagram,SHORT,0,0.978
27,Instagram,SHORT,1,0.49
27,Instagram,SHORT,2,0.944
27,Instagram,SHORT,3,0.514
27,Instagram,SHORT,4,1.191
27,Instagram,SHORT,5,0.615
27,Instagram,SHORT,6,0.948
27,Instagram,SHORT,7,0.594
27,Instagram,SHORT,8,0.7
27,Instagram,SHORT,9,1.166
27,Instagram,SHORT,10,0.52
27,Instagram,SHORT,11,0.722
27,Instagram,SHORT,12,0.642
27,Instagram,SHORT,13,0.987
27,Instagram,SHORT,14,0.58
27,Instagram,SHORT,15,0.949
27,Instagram,SHORT,16,0.991
27,Instagram,SHORT,17,0.376
27,Instagram,SHORT,18,0.792
27,Instagram,SHORT,19,0.491
27,Instagram,SHORT,20,0.573
27,Instagram,SHORT,21,0.97
27,Instagram,SHORT,22,0.383
27,Instagram,SHORT,23,0.984
27,Instagram,LONG,0,0.741
27,Instagram,LONG,1,0.843
27,Instagram,LONG,2,0.506
27,Instagram,LONG,3,0.334
27,Instagram,LONG,4,0.297
27,Instagram,LONG,5,0.483
27,Instagram,LONG,6,0.69
27,Instagram,LONG,7,0.316
27,Instagram,LONG,8,0.441
27,Instagram,LONG,9,0.779
27,Instagram,LONG,10,0.337
27,Instagram,LONG,11,0.715
27,Instagram,LONG,12,0.703
27,Instagram,LONG,13,0.334
27,Instagram,LONG,14,0.846
27,Instagram,LONG,15,0.34
27,Instagram,LONG,16,0.571
27,Instagram,LONG,17,0.26
27,Instagram,LONG,18,0.642
27,Instagram,LONG,19,0.517
27,Instagram,LONG,20,0.685
27,Instagram,LONG,21,0.629
27,Instagram,LONG,22,0.345
27,Instagram,LONG,23,0.5
27,YouTube,SHORT,0,0.664
27,YouTube,SHORT,1,0.767
27,YouTube,SHORT,2,0.307
27,YouTube,SHORT,3,0.315
27,YouTube,SHORT,4,0.703
27,YouTube,SHORT,5,0.606
27,YouTube,SHORT,6,0.483
27,YouTube,SHORT,7,0.828
27,YouTube,SHORT,8,0.442
27,YouTube,SHORT,9,0.338
27,YouTube,SHORT,10,0.42
27,YouTube,SHORT,11,0.305
27,YouTube,SHORT,12,0.584
27,YouTube,SHORT,13,0.612
27,YouTube,SHORT,14,0.617
27,YouTube,SHORT,15,0.718
27,YouTube,SHORT,16,0.666
27,YouTube,SHORT,17,0.759
27,YouTube,SHORT,18,0.647
27,YouTube,SHORT,19,0.434
27,YouTube,SHORT,20,0.563
27,YouTube,SHORT,21,0.558
27,YouTube,SHORT,22,0.7
27,YouTube,SHORT,23,0.431
27,YouTube,LONG,0,0.423
27,YouTube,LONG,1,1.161
27,YouTube,LONG,2,1.21
27,YouTube,LONG,3,0.808
27,YouTube,LONG,4,0.474
27,YouTube,LONG,5,0.812
27,YouTube,LONG,6,0.895
27,YouTube,LONG,7,0.837
27,YouTube,LONG,8,1.23
27,YouTube,LONG,9,1.239
27,YouTube,LONG,10,1.192
27,YouTube,LONG,11,0.49
27,YouTube,LONG,12,1.128
27,YouTube,LONG,13,0.872
27,YouTube,LONG,14,0.695
27,YouTube,LONG,15,0.973
27,YouTube,LONG,16,1.042
27,YouTube,LONG,17,1.21
27,YouTube,LONG,18,1.049
27,YouTube,LONG,19,0.39
27,YouTube,LONG,20,0.434
27,YouTube,LONG,21,0.604
27,YouTube,LONG,22,0.41
27,YouTube,LONG,23,0.428
28,Instagram,SHORT,0,1.066
28,Instagram,SHORT,1,0.818
28,Instagram,SHORT,2,0.925
28,Instagram,SHORT,3,0.813
28,Instagram,SHORT,4,0.739
28,Instagram,SHORT,5,0.989
28,Instagram,SHORT,6,0.447
28,Instagram,SHORT,7,0.844
28,Instagram,SHORT,8,0.914
28,Instagram,SHORT,9,0.618
28,Instagram,SHORT,10,0.646
28,Instagram,SHORT,11,0.822
28,Instagram,SHORT,12,0.553
28,Instagram,SHORT,13,1.082
28,Instagram,SHORT,14,0.844
28,Instagram,SHORT,15,0.717
28,Instagram,SHORT,16,0.93
28,Instagram,SHORT,17,1.105
28,Instagram,SHORT,18,0.971
28,Instagram,SHORT,19,0.433
28,Instagram,SHORT,20,0.986
28,Instagram,SHORT,21,1.014
28,Instagram,SHORT,22,1.116
28,Instagram,SHORT,23,0.426
28,Instagram,LONG,0,0.306
28,Instagram,LONG,1,0.514
28,Instagram,LONG,2,0.525
28,Instagram,LONG,3,0.617
28,Instagram,LONG,4,0.439
28,Instagram,LONG,5,0.696
28,Instagram,LONG,6,0.696
28,Instagram,LONG,7,0.326
28,Instagram,LONG,8,0.676
28,Instagram,LONG,9,0.672
28,Instagram,LONG,10,0.352
28,Instagram,LONG,11,0.822
28,Instagram,LONG,12,0.566
28,Instagram,LONG,13,0.721
28,Instagram,LONG,14,0.684
28,Instagram,LONG,15,0.354
28,Instagram,LONG,16,0.331
28,Instagram,LONG,17,0.72
28,Instagram,LONG,18,0.415
28,Instagram,LONG,19,0.782
28,Instagram,LONG,20,0.714
28,Instagram,LONG,21,0.272
28,Instagram,LONG,22,0.735
28,Instagram,LONG,23,0.417
28,YouTube,SHORT,0,0.293
28,YouTube,SHORT,1,0.679
28,YouTube,SHORT,2,0.598
28,YouTube,SHORT,3,0.301
28,YouTube,SHORT,4,0.526
28,YouTube,SHORT,5,0.469
28,YouTube,SHORT,6,0.552
28,YouTube,SHORT,7,0.592
28,YouTube,SHORT,8,0.474
28,YouTube,SHORT,9,0.407
28,YouTube,SHORT,10,0.316
28,YouTube,SHORT,11,0.596
28,YouTube,SHORT,12,0.685
28,YouTube,SHORT,13,0.391
28,YouTube,SHORT,14,0.558
28,YouTube,SHORT,15,0.281
28,YouTube,SHORT,16,0.768
28,YouTube,SHORT,17,0.401
28,YouTube,SHORT,18,0.536
28,YouTube,SHORT,19,0.483
28,YouTube,SHORT,20,0.344
28,YouTube,SHORT,21,0.809
28,YouTube,SHORT,22,0.765
28,YouTube,SHORT,23,0.584
28,YouTube,LONG,0,1.175
28,YouTube,LONG,1,1.023
28,YouTube,LONG,2,0.742
28,YouTube,LONG,3,0.657
28,YouTube,LONG,4,0.739
28,YouTube,LONG,5,1.005
28,YouTube,LONG,6,0.612
28,YouTube,LONG,7,0.443
28,YouTube,LONG,8,0.701
28,YouTube,LONG,9,0.814
28,YouTube,LONG,10,1.164
28,YouTube,LONG,11,0.532
28,YouTube,LONG,12,1.079
28,YouTube,LONG,13,1.234
28,YouTube,LONG,14,1.21
28,YouTube,LONG,15,0.435
28,YouTube,LONG,16,0.782
28,YouTube,LONG,17,0.622
28,YouTube,LONG,18,1.114
28,YouTube,LONG,19,0.661
28,YouTube,LONG,20,0.859
28,YouTube,LONG,21,0.382
28,YouTube,LONG,22,0.551
28,YouTube,LONG,23,0.868
29,Instagram,SHORT,0,0.641
29,Instagram,SHORT,1,0.92
29,Instagram,SHORT,2,0.781
29,Instagram,SHORT,3,0.893
29,Instagram,SHORT,4,0.807
29,Instagram,SHORT,5,1.051
29,Instagram,SHORT,6,0.546
29,Instagram,SHORT,7,1.163
29,Instagram,SHORT,8,1.04
29,Instagram,SHORT,9,0.589
29,Instagram,SHORT,10,0.381
29,Instagram,SHORT,11,0.734
29,Instagram,SHORT,12,0.579
29,Instagram,SHORT,13,0.678
29,Instagram,SHORT,14,1.11
29,Instagram,SHORT,15,1.143
29,Instagram,SHORT,16,1.207
29,Instagram,SHORT,17,0.376
29,Instagram,SHORT,18,0.95
29,Instagram,SHORT,19,1.118
29,Instagram,SHORT,20,1.011
29,Instagram,SHORT,21,0.466
29,Instagram,SHORT,22,0.839
29,Instagram,SHORT,23,0.583
29,Instagram,LONG,0,0.548
29,Instagram,LONG,1,0.291
29,Instagram,LONG,2,0.848
29,Instagram,LONG,3,0.678
29,Instagram,LONG,4,0.31
29,Instagram,LONG,5,0.803
29,Instagram,LONG,6,0.789
29,Instagram,LONG,7,0.564
29,Instagram,LONG,8,0.672
29,Instagram,LONG,9,0.477
29,Instagram,LONG,10,0.835
29,Instagram,LONG,11,0.306
29,Instagram,LONG,12,0.312
29,Instagram,LONG,13,0.334
29,Instagram,LONG,14,0.743
29,Instagram,LONG,15,0.3
29,Instagram,LONG,16,0.593
29,Instagram,LONG,17,0.514
29,Instagram,LONG,18,0.829
29,Instagram,LONG,19,0.396
29,Instagram,LONG,20,0.41
29,Instagram,LONG,21,0.442
29,Instagram,LONG,22,0.731
29,Instagram,LONG,23,0.672
29,YouTube,SHORT,0,0.693
29,YouTube,SHORT,1,0.444
29,YouTube,SHORT,2,0.417
29,YouTube,SHORT,3,0.299
29,YouTube,SHORT,4,0.376
29,YouTube,SHORT,5,0.719
29,YouTube,SHORT,6,0.603
29,YouTube,SHORT,7,0.347
29,YouTube,SHORT,8,0.353
29,YouTube,SHORT,9,0.532
29,YouTube,SHORT,10,0.497
29,YouTube,SHORT,11,0.574
29,YouTube,SHORT,12,0.829
29,YouTube,SHORT,13,0.379
29,YouTube,SHORT,14,0.438
29,YouTube,SHORT,15,0.413
29,YouTube,SHORT,16,0.326
29,YouTube,SHORT,17,0.349
29,YouTube,SHORT,18,0.663
29,YouTube,SHORT,19,0.747
29,YouTube,SHORT,20,0.67
29,YouTube,SHORT,21,0.279
29,YouTube,SHORT,22,0.752
29,YouTube,SHORT,23,0.45
29,YouTube,LONG,0,0.455
29,YouTube,LONG,1,0.592
29,YouTube,LONG,2,0.686
29,YouTube,LONG,3,0.824
29,YouTube,LONG,4,0.968
29,YouTube,LONG,5,0.603
29,YouTube,LONG,6,1.242
29,YouTube,LONG,7,0.402
29,YouTube,LONG,8,0.729
29,YouTube,LONG,9,0.771
29,YouTube,LONG,10,1.03
29,YouTube,LONG,11,0.594
29,YouTube,LONG,12,0.779
29,YouTube,LONG,13,1.078
29,YouTube,LONG,14,0.497
29,YouTube,LONG,15,0.385
29,YouTube,LONG,16,1.102
29,YouTube,LONG,17,1.235
29,YouTube,LONG,18,0.489
29,YouTube,LONG,19,1.096
29,YouTube,LONG,20,0.701
29,YouTube,LONG,21,0.927
29,YouTube,LONG,22,0.939
29,YouTube,LONG,23,0.885
30,Instagram,SHORT,0,0.601
30,Instagram,SHORT,1,1.086
30,Instagram,SHORT,2,0.394
30,Instagram,SHORT,3,0.431
30,Instagram,SHORT,4,1.165
30,Instagram,SHORT,5,0.763
30,Instagram,SHORT,6,0.488
30,Instagram,SHORT,7,1.167
30,Instagram,SHORT,8,1.101
30,Instagram,SHORT,9,0.665
30,Instagram,SHORT,10,0.412
30,Instagram,SHORT,11,0.778
30,Instagram,SHORT,12,0.522
30,Instagram,SHORT,13,0.877
30,Instagram,SHORT,14,1.094
30,Instagram,SHORT,15,0.721
30,Instagram,SHORT,16,0.401
30,Instagram,SHORT,17,0.973
30,Instagram,SHORT,18,0.526
30,Instagram,SHORT,19,0.563
30,Instagram,SHORT,20,0.539
30,Instagram,SHORT,21,0.62
30,Instagram,SHORT,22,1.148
30,Instagram,SHORT,23,0.405
30,Instagram,LONG,0,0.623
30,Instagram,LONG,1,0.401
30,Instagram,LONG,2,0.431
30,Instagram,LONG,3,0.5
30,Instagram,LONG,4,0.583
30,Instagram,LONG,5,0.291
30,Instagram,LONG,6,0.421
30,Instagram,LONG,7,0.337
30,Instagram,LONG,8,0.374
30,Instagram,LONG,9,0.781
30,Instagram,LONG,10,0.568
30,Instagram,LONG,11,0.63
30,Instagram,LONG,12,0.732
30,Instagram,LONG,13,0.728
30,Instagram,LONG,14,0.844
30,Instagram,LONG,15,0.72
30,Instagram,LONG,16,0.469
30,Instagram,LONG,17,0.579
30,Instagram,LONG,18,0.543
30,Instagram,LONG,19,0.798
30,Instagram,LONG,20,0.554
30,Instagram,LONG,21,0.486
30,Instagram,LONG,22,0.362
30,Instagram,LONG,23,0.445
30,YouTube,SHORT,0,0.385
30,YouTube,SHORT,1,0.788
30,YouTube,SHORT,2,0.718
30,YouTube,SHORT,3,0.29
30,YouTube,SHORT,4,0.845
30,YouTube,SHORT,5,0.57
30,YouTube,SHORT,6,0.711
30,YouTube,SHORT,7,0.85
30,YouTube,SHORT,8,0.835
30,YouTube,SHORT,9,0.315
30,YouTube,SHORT,10,0.646
30,YouTube,SHORT,11,0.414
30,YouTube,SHORT,12,0.741
30,YouTube,SHORT,13,0.801
30,YouTube,SHORT,14,0.288
30,YouTube,SHORT,15,0.848
30,YouTube,SHORT,16,0.386
30,YouTube,SHORT,17,0.759
30,YouTube,SHORT,18,0.729
30,YouTube,SHORT,19,0.466
30,YouTube,SHORT,20,0.754
30,YouTube,SHORT,21,0.758
30,YouTube,SHORT,22,0.36
30,YouTube,SHORT,23,0.608
30,YouTube,LONG,0,1.08
30,YouTube,LONG,1,0.985
30,YouTube,LONG,2,1.175
30,YouTube,LONG,3,0.4
30,YouTube,LONG,4,0.988
30,YouTube,LONG,5,1.204
30,YouTube,LONG,6,0.868
30,YouTube,LONG,7,0.868
30,YouTube,LONG,8,0.54
30,YouTube,LONG,9,1.24
30,YouTube,LONG,10,1.146
30,YouTube,LONG,11,0.806
30,YouTube,LONG,12,0.645
30,YouTube,LONG,13,0.804
30,YouTube,LONG,14,0.454
30,YouTube,LONG,15,0.579
30,YouTube,LONG,16,0.566
30,YouTube,LONG,17,0.836
30,YouTube,LONG,18,0.376
30,YouTube,LONG,19,1.178
30,YouTube,LONG,20,0.551
30,YouTube,LONG,21,0.489
30,YouTube,LONG,22,1.002
30,YouTube,LONG,23,1.179
31,Instagram,SHORT,0,1.114
31,Instagram,SHORT,1,0.658
31,Instagram,SHORT,2,0.394
31,Instagram,SHORT,3,0.888
31,Instagram,SHORT,4,1.178
31,Instagram,SHORT,5,1.053
31,Instagram,SHORT,6,1.116
31,Instagram,SHORT,7,1.128
31,Instagram,SHORT,8,1.215
31,Instagram,SHORT,9,0.702
31,Instagram,SHORT,10,1.199
31,Instagram,SHORT,11,0.721
31,Instagram,SHORT,12,0.463
31,Instagram,SHORT,13,0.639
31,Instagram,SHORT,14,0.494
31,Instagram,SHORT,15,0.513
31,Instagram,SHORT,16,1.205
31,Instagram,SHORT,17,1.068
31,Instagram,SHORT,18,1.216
31,Instagram,SHORT,19,0.943
31,Instagram,SHORT,20,0.527
31,Instagram,SHORT,21,1.223
31,Instagram,SHORT,22,0.982
31,Instagram,SHORT,23,1.188
31,Instagram,LONG,0,0.723
31,Instagram,LONG,1,0.388
31,Instagram,LONG,2,0.605
31,Instagram,LONG,3,0.359
31,Instagram,LONG,4,0.438
31,Instagram,LONG,5,0.665
31,Instagram,LONG,6,0.331
31,Instagram,LONG,7,0.689
31,Instagram,LONG,8,0.82
31,Instagram,LONG,9,0.819
31,Instagram,LONG,10,0.488
31,Instagram,LONG,11,0.847
31,Instagram,LONG,12,0.829
31,Instagram,LONG,13,0.274
31,Instagram,LONG,14,0.613
31,Instagram,LONG,15,0.803
31,Instagram,LONG,16,0.831
31,Instagram,LONG,17,0.386
31,Instagram,LONG,18,0.592
31,Instagram,LONG,19,0.812
31,Instagram,LONG,20,0.339
31,Instagram,LONG,21,0.698
31,Instagram,LONG,22,0.397
31,Instagram,LONG,23,0.84
31,YouTube,SHORT,0,0.355
31,YouTube,SHORT,1,0.782
31,YouTube,SHORT,2,0.308
31,YouTube,SHORT,3,0.677
31,YouTube,SHORT,4,0.635
31,YouTube,SHORT,5,0.783
31,YouTube,SHORT,6,0.521
31,YouTube,SHORT,7,0.413
31,YouTube,SHORT,8,0.403
31,YouTube,SHORT,9,0.295
31,YouTube,SHORT,10,0.408
31,YouTube,SHORT,11,0.319
31,YouTube,SHORT,12,0.256
31,YouTube,SHORT,13,0.485
31,YouTube,SHORT,14,0.691
31,YouTube,SHORT,15,0.832
31,YouTube,SHORT,16,0.781
31,YouTube,SHORT,17,0.548
31,YouTube,SHORT,18,0.48
31,YouTube,SHORT,19,0.58
31,YouTube,SHORT,20,0.315
31,YouTube,SHORT,21,0.54
31,YouTube,SHORT,22,0.769
31,YouTube,SHORT,23,0.642
31,YouTube,LONG,0,0.976
31,YouTube,LONG,1,0.517
31,YouTube,LONG,2,0.439
31,YouTube,LONG,3,1.115
31,YouTube,LONG,4,0.633
31,YouTube,LONG,5,0.654
31,YouTube,LONG,6,1.208
31,YouTube,LONG,7,0.44
31,YouTube,LONG,8,0.524
31,YouTube,LONG,9,0.704
31,YouTube,LONG,10,1.015
31,YouTube,LONG,11,0.854
31,YouTube,LONG,12,1.161
31,YouTube,LONG,13,0.456
31,YouTube,LONG,14,0.895
31,YouTube,LONG,15,0.912
31,YouTube,LONG,16,0.797
31,YouTube,LONG,17,0.402
31,YouTube,LONG,18,1.2
31,YouTube,LONG,19,0.519
31,YouTube,LONG,20,1.154
31,YouTube,LONG,21,0.512
31,YouTube,LONG,22,0.464
31,YouTube,LONG,23,0.555
32,Instagram,SHORT,0,0.541
32,Instagram,SHORT,1,0.985
32,Instagram,SHORT,2,1.007
32,Instagram,SHORT,3,1.014
32,Instagram,SHORT,4,0.607
32,Instagram,SHORT,5,0.621
32,Instagram,SHORT,6,0.583
32,Instagram,SHORT,7,0.418
32,Instagram,SHORT,8,0.875
32,Instagram,SHORT,9,1.11
32,Instagram,SHORT,10,0.509
32,Instagram,SHORT,11,0.691
32,Instagram,SHORT,12,0.749
32,Instagram,SHORT,13,0.633
32,Instagram,SHORT,14,0.954
32,Instagram,SHORT,15,0.9
32,Instagram,SHORT,16,0.55
32,Instagram,SHORT,17,0.398
32,Instagram,SHORT,18,0.524
32,Instagram,SHORT,19,0.63
32,Instagram,SHORT,20,0.447
32,Instagram,SHORT,21,1.113
32,Instagram,SHORT,22,0.645
32,Instagram,SHORT,23,0.723
32,Instagram,LONG,0,0.546
32,Instagram,LONG,1,0.648
32,Instagram,LONG,2,0.309
32,Instagram,LONG,3,0.579
32,Instagram,LONG,4,0.365
32,Instagram,LONG,5,0.782
32,Instagram,LONG,6,0.475
32,Instagram,LONG,7,0.52
32,Instagram,LONG,8,0.412
32,Instagram,LONG,9,0.532
32,Instagram,LONG,10,0.39
32,Instagram,LONG,11,0.415
32,Instagram,LONG,12,0.292
32,Instagram,LONG,13,0.703
32,Instagram,LONG,14,0.652
32,Instagram,LONG,15,0.306
32,Instagram,LONG,16,0.46
32,Instagram,LONG,17,0.577
32,Instagram,LONG,18,0.833
32,Instagram,LONG,19,0.606
32,Instagram,LONG,20,0.584
32,Instagram,LONG,21,0.755
32,Instagram,LONG,22,0.742
32,Instagram,LONG,23,0.504
32,YouTube,SHORT,0,0.574
32,YouTube,SHORT,1,0.771
32,YouTube,SHORT,2,0.538
32,YouTube,SHORT,3,0.78
32,YouTube,SHORT,4,0.538
32,YouTube,SHORT,5,0.302
32,YouTube,SHORT,6,0.792
32,YouTube,SHORT,7,0.68
32,YouTube,SHORT,8,0.554
32,YouTube,SHORT,9,0.791
32,YouTube,SHORT,10,0.731
32,YouTube,SHORT,11,0.658
32,YouTube,SHORT,12,0.624
32,YouTube,SHORT,13,0.327
32,YouTube,SHORT,14,0.706
32,YouTube,SHORT,15,0.358
32,YouTube,SHORT,16,0.841
32,YouTube,SHORT,17,0.833
32,YouTube,SHORT,18,0.736
32,YouTube,SHORT,19,0.33
32,YouTube,SHORT,20,0.507
32,YouTube,SHORT,21,0.843
32,YouTube,SHORT,22,0.514
32,YouTube,SHORT,23,0.848
32,YouTube,LONG,0,0.924
32,YouTube,LONG,1,1.105
32,YouTube,LONG,2,0.601
32,YouTube,LONG,3,1.172
32,YouTube,LONG,4,1.175
32,YouTube,LONG,5,0.434
32,YouTube,LONG,6,0.715
32,YouTube,LONG,7,0.723
32,YouTube,LONG,8,0.66
32,YouTube,LONG,9,0.617
32,YouTube,LONG,10,0.776
32,YouTube,LONG,11,1.139
32,YouTube,LONG,12,1.063
32,YouTube,LONG,13,0.92
32,YouTube,LONG,14,0.832
32,YouTube,LONG,15,0.742
32,YouTube,LONG,16,0.738
32,YouTube,LONG,17,0.505
32,YouTube,LONG,18,0.889
32,YouTube,LONG,19,1.039
32,YouTube,LONG,20,1.197
32,YouTube,LONG,21,1.184
32,YouTube,LONG,22,0.867
32,YouTube,LONG,23,0.463
33,Instagram,SHORT,0,0.625
33,Instagram,SHORT,1,0.844
33,Instagram,SHORT,2,0.676
33,Instagram,SHORT,3,0.735
33,Instagram,SHORT,4,0.71
33,Instagram,SHORT,5,0.8
33,Instagram,SHORT,6,0.908
33,Instagram,SHORT,7,0.408
33,Instagram,SHORT,8,0.616
33,Instagram,SHORT,9,0.501
33,Instagram,SHORT,10,0.908
33,Instagram,SHORT,11,0.982
33,Instagram,SHORT,12,0.409
33,Instagram,SHORT,13,1.153
33,Instagram,SHORT,14,0.665
33,Instagram,SHORT,15,0.583
33,Instagram,SHORT,16,1.028
33,Instagram,SHORT,17,1.181
33,Instagram,SHORT,18,1.16
33,Instagram,SHORT,19,0.393
33,Instagram,SHORT,20,1.09
33,Instagram,SHORT,21,0.64
33,Instagram,SHORT,22,0.62
33,Instagram,SHORT,23,0.805
33,Instagram,LONG,0,0.669
33,Instagram,LONG,1,0.313
33,Instagram,LONG,2,0.772
33,Instagram,LONG,3,0.335
33,Instagram,LONG,4,0.835
33,Instagram,LONG,5,0.519
33,Instagram,LONG,6,0.746
33,Instagram,LONG,7,0.415
33,Instagram,LONG,8,0.503
33,Instagram,LONG,9,0.639
33,Instagram,LONG,10,0.367
33,Instagram,LONG,11,0.381
33,Instagram,LONG,12,0.745
33,Instagram,LONG,13,0.696
33,Instagram,LONG,14,0.707
33,Instagram,LONG,15,0.771
33,Instagram,LONG,16,0.744
33,Instagram,LONG,17,0.562
33,Instagram,LONG,18,0.35
33,Instagram,LONG,19,0.44
33,Instagram,LONG,20,0.557
33,Instagram,LONG,21,0.336
33,Instagram,LONG,22,0.762
33,Instagram,LONG,23,0.778
33,YouTube,SHORT,0,0.272
33,YouTube,SHORT,1,0.37
33,YouTube,SHORT,2,0.751
33,YouTube,SHORT,3,0.753
33,YouTube,SHORT,4,0.403
33,YouTube,SHORT,5,0.527
33,YouTube,SHORT,6,0.801
33,YouTube,SHORT,7,0.674
33,YouTube,SHORT,8,0.418
33,YouTube,SHORT,9,0.745
33,YouTube,SHORT,10,0.556
33,YouTube,SHORT,11,0.633
33,YouTube,SHORT,12,0.329
33,YouTube,SHORT,13,0.273
33,YouTube,SHORT,14,0.477
33,YouTube,SHORT,15,0.608
33,YouTube,SHORT,16,0.361
33,YouTube,SHORT,17,0.773
33,YouTube,SHORT,18,0.604
33,YouTube,SHORT,19,0.463
33,YouTube,SHORT,20,0.352
33,YouTube,SHORT,21,0.787
33,YouTube,SHORT,22,0.701
33,YouTube,SHORT,23,0.665
33,YouTube,LONG,0,0.624
33,YouTube,LONG,1,0.713
33,YouTube,LONG,2,0.518
33,YouTube,LONG,3,0.876
33,YouTube,LONG,4,1.219
33,YouTube,LONG,5,1.125
33,YouTube,LONG,6,0.941
33,YouTube,LONG,7,0.968
33,YouTube,LONG,8,0.61
33,YouTube,LONG,9,0.733
33,YouTube,LONG,10,0.393
33,YouTube,LONG,11,1.058
33,YouTube,LONG,12,1.047
33,YouTube,LONG,13,0.383
33,YouTube,LONG,14,1.173
33,YouTube,LONG,15,0.941
33,YouTube,LONG,16,0.901
33,YouTube,LONG,17,0.382
33,YouTube,LONG,18,0.596
33,YouTube,LONG,19,1.079
33,YouTube,LONG,20,0.642
33,YouTube,LONG,21,1.221
33,YouTube,LONG,22,0.937
33,YouTube,LONG,23,0.746
34,Instagram,SHORT,0,0.704
34,Instagram,SHORT,1,0.68
34,Instagram,SHORT,2,0.595
34,Instagram,SHORT,3,0.783
34,Instagram,SHORT,4,0.968
34,Instagram,SHORT,5,1.096
34,Instagram,SHORT,6,0.723
34,Instagram,SHORT,7,0.465
34,Instagram,SHORT,8,0.823
34,Instagram,SHORT,9,0.955
34,Instagram,SHORT,10,1.113
34,Instagram,SHORT,11,0.702
34,Instagram,SHORT,12,0.941
34,Instagram,SHORT,13,0.908
34,Instagram,SHORT,14,0.636
34,Instagram,SHORT,15,0.47
34,Instagram,SHORT,16,0.431
34,Instagram,SHORT,17,1.24
34,Instagram,SHORT,18,0.936
34,Instagram,SHORT,19,1.129
34,Instagram,SHORT,20,0.604
34,Instagram,SHORT,21,0.997
34,Instagram,SHORT,22,1.156
34,Instagram,SHORT,23,0.636
34,Instagram,LONG,0,0.344
34,Instagram,LONG,1,0.71
34,Instagram,LONG,2,0.79
34,Instagram,LONG,3,0.734
34,Instagram,LONG,4,0.732
34,Instagram,LONG,5,0.612
34,Instagram,LONG,6,0.648
34,Instagram,LONG,7,0.66
34,Instagram,LONG,8,0.684
34,Instagram,LONG,9,0.645
34,Instagram,LONG,10,0.848
34,Instagram,LONG,11,0.409
34,Instagram,LONG,12,0.504
34,Instagram,LONG,13,0.486
34,Instagram,LONG,14,0.276
34,Instagram,LONG,15,0.676
34,Instagram,LONG,16,0.595
34,Instagram,LONG,17,0.368
34,Instagram,LONG,18,0.687
34,Instagram,LONG,19,0.387
34,Instagram,LONG,20,0.573
34,Instagram,LONG,21,0.722
34,Instagram,LONG,22,0.794
34,Instagram,LONG,23,0.655
34,YouTube,SHORT,0,0.557
34,YouTube,SHORT,1,0.758
34,YouTube,SHORT,2,0.755
34,YouTube,SHORT,3,0.777
34,YouTube,SHORT,4,0.363
34,YouTube,SHORT,5,0.313
34,YouTube,SHORT,6,0.331
34,YouTube,SHORT,7,0.409
34,YouTube,SHORT,8,0.736
34,YouTube,SHORT,9,0.709
34,YouTube,SHORT,10,0.364
34,YouTube,SHORT,11,0.659
34,YouTube,SHORT,12,0.455
34,YouTube,SHORT,13,0.308
34,YouTube,SHORT,14,0.466
34,YouTube,SHORT,15,0.698
34,YouTube,SHORT,16,0.438
34,YouTube,SHORT,17,0.724
34,YouTube,SHORT,18,0.452
34,YouTube,SHORT,19,0.41
34,YouTube,SHORT,20,0.43
34,YouTube,SHORT,21,0.761
34,YouTube,SHORT,22,0.535
34,YouTube,SHORT,23,0.771
34,YouTube,LONG,0,0.886
34,YouTube,LONG,1,1.201
34,YouTube,LONG,2,0.437
34,YouTube,LONG,3,1.153
34,YouTube,LONG,4,0.813
34,YouTube,LONG,5,1.134
34,YouTube,LONG,6,0.709
34,YouTube,LONG,7,0.636
34,YouTube,LONG,8,0.422
34,YouTube,LONG,9,1.122
34,YouTube,LONG,10,0.495
34,YouTube,LONG,11,0.55
34,YouTube,LONG,12,0.733
34,YouTube,LONG,13,0.873
34,YouTube,LONG,14,1.168
34,YouTube,LONG,15,0.775
34,YouTube,LONG,16,0.652
34,YouTube,LONG,17,1.001
34,YouTube,LONG,18,1.057
34,YouTube,LONG,19,0.802
34,YouTube,LONG,20,0.927
34,YouTube,LONG,21,0.53
34,YouTube,LONG,22,0.93
34,YouTube,LONG,23,0.379
35,Instagram,SHORT,0,0.614
35,Instagram,SHORT,1,1.041
35,Instagram,SHORT,2,0.523
35,Instagram,SHORT,3,1.044
35,Instagram,SHORT,4,0.803
35,Instagram,SHORT,5,1.043
35,Instagram,SHORT,6,0.452
35,Instagram,SHORT,7,0.913
35,Instagram,SHORT,8,0.929
35,Instagram,SHORT,9,0.728
35,Instagram,SHORT,10,1.22
35,Instagram,SHORT,11,0.71
35,Instagram,SHORT,12,0.408
35,Instagram,SHORT,13,0.549
35,Instagram,SHORT,14,0.701
35,Instagram,SHORT,15,0.387
35,Instagram,SHORT,16,0.657
35,Instagram,SHORT,17,1.104
35,Instagram,SHORT,18,0.542
35,Instagram,SHORT,19,0.967
35,Instagram,SHORT,20,0.923
35,Instagram,SHORT,21,0.593
35,Instagram,SHORT,22,0.982
35,Instagram,SHORT,23,0.676
35,Instagram,LONG,0,0.332
35,Instagram,LONG,1,0.483
35,Instagram,LONG,2,0.605
35,Instagram,LONG,3,0.354
35,Instagram,LONG,4,0.745
35,Instagram,LONG,5,0.432
35,Instagram,LONG,6,0.428
35,Instagram,LONG,7,0.688
35,Instagram,LONG,8,0.61
35,Instagram,LONG,9,0.456
35,Instagram,LONG,10,0.783
35,Instagram,LONG,11,0.847
35,Instagram,LONG,12,0.459
35,Instagram,LONG,13,0.791
35,Instagram,LONG,14,0.469
35,Instagram,LONG,15,0.367
35,Instagram,LONG,16,0.819
35,Instagram,LONG,17,0.801
35,Instagram,LONG,18,0.495
35,Instagram,LONG,19,0.391
35,Instagram,LONG,20,0.688
35,Instagram,LONG,21,0.333
35,Instagram,LONG,22,0.692
35,Instagram,LONG,23,0.606
35,YouTube,SHORT,0,0.356
35,YouTube,SHORT,1,0.473
35,YouTube,SHORT,2,0.642
35,YouTube,SHORT,3,0.277
35,YouTube,SHORT,4,0.777
35,YouTube,SHORT,5,0.407
35,YouTube,SHORT,6,0.573
35,YouTube,SHORT,7,0.284
35,YouTube,SHORT,8,0.847
35,YouTube,SHORT,9,0.649
35,YouTube,SHORT,10,0.644
35,YouTube,SHORT,11,0.267
35,YouTube,SHORT,12,0.665
35,YouTube,SHORT,13,0.503
35,YouTube,SHORT,14,0.481
35,YouTube,SHORT,15,0.581
35,YouTube,SHORT,16,0.537
35,YouTube,SHORT,17,0.346
35,YouTube,SHORT,18,0.669
35,YouTube,SHORT,19,0.63
35,YouTube,SHORT,20,0.434
35,YouTube,SHORT,21,0.649
35,YouTube,SHORT,22,0.649
35,YouTube,SHORT,23,0.416
35,YouTube,LONG,0,0.905
35,YouTube,LONG,1,0.495
35,YouTube,LONG,2,1.102
35,YouTube,LONG,3,0.467
35,YouTube,LONG,4,1.004
35,YouTube,LONG,5,0.478
35,YouTube,LONG,6,0.475
35,YouTube,LONG,7,0.468
35,YouTube,LONG,8,0.549
35,YouTube,LONG,9,0.55
35,YouTube,LONG,10,0.605
35,YouTube,LONG,11,0.833
35,YouTube,LONG,12,0.551
35,YouTube,LONG,13,0.991
35,YouTube,LONG,14,0.633
35,YouTube,LONG,15,0.409
35,YouTube,LONG,16,0.809
35,YouTube,LONG,17,0.557
35,YouTube,LONG,18,1.191
35,YouTube,LONG,19,0.664
35,YouTube,LONG,20,0.377
35,YouTube,LONG,21,0.963
35,YouTube,LONG,22,1.169
35,YouTube,LONG,23,1.106
36,Instagram,SHORT,0,0.96
36,Instagram,SHORT,1,0.506
36,Instagram,SHORT,2,0.454
36,Instagram,SHORT,3,0.823
36,Instagram,SHORT,4,1.008
36,Instagram,SHORT,5,0.464
36,Instagram,SHORT,6,0.599
36,Instagram,SHORT,7,0.577
36,Instagram,SHORT,8,1.24
36,Instagram,SHORT,9,0.634
36,Instagram,SHORT,10,0.781
36,Instagram,SHORT,11,0.462
36,Instagram,SHORT,12,0.528
36,Instagram,SHORT,13,0.41
36,Instagram,SHORT,14,0.629
36,Instagram,SHORT,15,1.076
36,Instagram,SHORT,16,0.649
36,Instagram,SHORT,17,1.021
36,Instagram,SHORT,18,0.458
36,Instagram,SHORT,19,1.038
36,Instagram,SHORT,20,0.415
36,Instagram,SHORT,21,1.12
36,Instagram,SHORT,22,0.955
36,Instagram,SHORT,23,0.524
36,Instagram,LONG,0,0.468
36,Instagram,LONG,1,0.515
36,Instagram,LONG,2,0.625
36,Instagram,LONG,3,0.778
36,Instagram,LONG,4,0.31
36,Instagram,LONG,5,0.74
36,Instagram,LONG,6,0.364
36,Instagram,LONG,7,0.493
36,Instagram,LONG,8,0.828
36,Instagram,LONG,9,0.417
36,Instagram,LONG,10,0.485
36,Instagram,LONG,11,0.761
36,Instagram,LONG,12,0.731
36,Instagram,LONG,13,0.641
36,Instagram,LONG,14,0.729
36,Instagram,LONG,15,0.322
36,Instagram,LONG,16,0.669
36,Instagram,LONG,17,0.29
36,Instagram,LONG,18,0.816
36,Instagram,LONG,19,0.35
36,Instagram,LONG,20,0.503
36,Instagram,LONG,21,0.606
36,Instagram,LONG,22,0.732
36,Instagram,LONG,23,0.659
36,YouTube,SHORT,0,0.363
36,YouTube,SHORT,1,0.481
36,YouTube,SHORT,2,0.468
36,YouTube,SHORT,3,0.272
36,YouTube,SHORT,4,0.662
36,YouTube,SHORT,5,0.754
36,YouTube,SHORT,6,0.834
36,YouTube,SHORT,7,0.333
36,YouTube,SHORT,8,0.803
36,YouTube,SHORT,9,0.322
36,YouTube,SHORT,10,0.5
36,YouTube,SHORT,11,0.282
36,YouTube,SHORT,12,0.411
36,YouTube,SHORT,13,0.442
36,YouTube,SHORT,14,0.674
36,YouTube,SHORT,15,0.658
36,YouTube,SHORT,16,0.712
36,YouTube,SHORT,17,0.598
36,YouTube,SHORT,18,0.591
36,YouTube,SHORT,19,0.837
36,YouTube,SHORT,20,0.654
36,YouTube,SHORT,21,0.456
36,YouTube,SHORT,22,0.566
36,YouTube,SHORT,23,0.672
36,YouTube,LONG,0,0.458
36,YouTube,LONG,1,0.954
36,YouTube,LONG,2,0.593
36,YouTube,LONG,3,0.678
36,YouTube,LONG,4,0.967
36,YouTube,LONG,5,0.712
36,YouTube,LONG,6,1.109
36,YouTube,LONG,7,0.864
36,YouTube,LONG,8,1.239
36,YouTube,LONG,9,0.423
36,YouTube,LONG,10,0.938
36,YouTube,LONG,11,0.512
36,YouTube,LONG,12,1.118
36,YouTube,LONG,13,1.12
36,YouTube,LONG,14,1.136
36,YouTube,LONG,15,0.441
36,YouTube,LONG,16,0.805
36,YouTube,LONG,17,0.586
36,YouTube,LONG,18,1.224
36,YouTube,LONG,19,0.419
36,YouTube,LONG,20,0.57
36,YouTube,LONG,21,0.938
36,YouTube,LONG,22,0.728
36,YouTube,LONG,23,0.581
37,Instagram,SHORT,0,0.777
37,Instagram,SHORT,1,1.076
37,Instagram,SHORT,2,0.767
37,Instagram,SHORT,3,1.125
37,Instagram,SHORT,4,0.766
37,Instagram,SHORT,5,0.479
37,Instagram,SHORT,6,0.81
37,Instagram,SHORT,7,0.947
37,Instagram,SHORT,8,0.465
37,Instagram,SHORT,9,0.736
37,Instagram,SHORT,10,0.862
37,Instagram,SHORT,11,0.375
37,Instagram,SHORT,12,0.455
37,Instagram,SHORT,13,0.904
37,Instagram,SHORT,14,0.917
37,Instagram,SHORT,15,0.642
37,Instagram,SHORT,16,0.82
37,Instagram,SHORT,17,0.556
37,Instagram,SHORT,18,0.963
37,Instagram,SHORT,19,1.207
37,Instagram,SHORT,20,0.693
37,Instagram,SHORT,21,0.422
37,Instagram,SHORT,22,0.57
37,Instagram,SHORT,23,0.773
37,Instagram,LONG,0,0.588
37,Instagram,LONG,1,0.624
37,Instagram,LONG,2,0.537
37,Instagram,LONG,3,0.646
37,Instagram,LONG,4,0.681
37,Instagram,LONG,5,0.323
37,Instagram,LONG,6,0.707
37,Instagram,LONG,7,0.387
37,Instagram,LONG,8,0.458
37,Instagram,LONG,9,0.749
37,Instagram,LONG,10,0.829
37,Instagram,LONG,11,0.429
37,Instagram,LONG,12,0.566
37,Instagram,LONG,13,0.673
37,Instagram,LONG,14,0.282
37,Instagram,LONG,15,0.353
37,Instagram,LONG,16,0.339
37,Instagram,LONG,17,0.682
37,Instagram,LONG,18,0.684
37,Instagram,LONG,19,0.319
37,Instagram,LONG,20,0.618
37,Instagram,LONG,21,0.367
37,Instagram,LONG,22,0.808
37,Instagram,LONG,23,0.489
37,YouTube,SHORT,0,0.527
37,YouTube,SHORT,1,0.72
37,YouTube,SHORT,2,0.681
37,YouTube,SHORT,3,0.319
37,YouTube,SHORT,4,0.502
37,YouTube,SHORT,5,0.806
37,YouTube,SHORT,6,0.753
37,YouTube,SHORT,7,0.605
37,YouTube,SHORT,8,0.714
37,YouTube,SHORT,9,0.523
37,YouTube,SHORT,10,0.647
37,YouTube,SHORT,11,0.824
37,YouTube,SHORT,12,0.335
37,YouTube,SHORT,13,0.552
37,YouTube,SHORT,14,0.571
37,YouTube,SHORT,15,0.284
37,YouTube,SHORT,16,0.812
37,YouTube,SHORT,17,0.754
37,YouTube,SHORT,18,0.542
37,YouTube,SHORT,19,0.557
37,YouTube,SHORT,20,0.803
37,YouTube,SHORT,21,0.36
37,YouTube,SHORT,22,0.599
37,YouTube,SHORT,23,0.69
37,YouTube,LONG,0,0.487
37,YouTube,LONG,1,0.714
37,YouTube,LONG,2,0.9
37,YouTube,LONG,3,1.147
37,YouTube,LONG,4,0.816
37,YouTube,LONG,5,0.712
37,YouTube,LONG,6,1.232
37,YouTube,LONG,7,1.176
37,YouTube,LONG,8,1.042
37,YouTube,LONG,9,0.614
37,YouTube,LONG,10,1.218
37,YouTube,LONG,11,1.224
37,YouTube,LONG,12,0.771
37,YouTube,LONG,13,0.492
37,YouTube,LONG,14,0.736
37,YouTube,LONG,15,0.988
37,YouTube,LONG,16,1.03
37,YouTube,LONG,17,0.637
37,YouTube,LONG,18,0.989
37,YouTube,LONG,19,1.128
37,YouTube,LONG,20,0.998
37,YouTube,LONG,21,1.194
37,YouTube,LONG,22,0.929
37,YouTube,LONG,23,0.551
38,Instagram,SHORT,0,0.921
38,Instagram,SHORT,1,0.629
38,Instagram,SHORT,2,0.677
38,Instagram,SHORT,3,0.963
38,Instagram,SHORT,4,1.234
38,Instagram,SHORT,5,0.944
38,Instagram,SHORT,6,1.214
38,Instagram,SHORT,7,0.816
38,Instagram,SHORT,8,0.983
38,Instagram,SHORT,9,0.657
38,Instagram,SHORT,10,0.476
38,Instagram,SHORT,11,0.683
38,Instagram,SHORT,12,0.795
38,Instagram,SHORT,13,0.874
38,Instagram,SHORT,14,0.959
38,Instagram,SHORT,15,0.74
38,Instagram,SHORT,16,1.029
38,Instagram,SHORT,17,1.111
38,Instagram,SHORT,18,0.625
38,Instagram,SHORT,19,1.116
38,Instagram,SHORT,20,1.082
38,Instagram,SHORT,21,0.832
38,Instagram,SHORT,22,0.397
38,Instagram,SHORT,23,0.502
38,Instagram,LONG,0,0.654
38,Instagram,LONG,1,0.374
38,Instagram,LONG,2,0.701
38,Instagram,LONG,3,0.351
38,Instagram,LONG,4,0.426
38,Instagram,LONG,5,0.404
38,Instagram,LONG,6,0.754
38,Instagram,LONG,7,0.666
38,Instagram,LONG,8,0.431
38,Instagram,LONG,9,0.703
38,Instagram,LONG,10,0.274
38,Instagram,LONG,11,0.739
38,Instagram,LONG,12,0.316
38,Instagram,LONG,13,0.771
38,Instagram,LONG,14,0.695
38,Instagram,LONG,15,0.77
38,Instagram,LONG,16,0.697
38,Instagram,LONG,17,0.589
38,Instagram,LONG,18,0.396
38,Instagram,LONG,19,0.722
38,Instagram,LONG,20,0.73
38,Instagram,LONG,21,0.426
38,Instagram,LONG,22,0.65
38,Instagram,LONG,23,0.806
38,YouTube,SHORT,0,0.486
38,YouTube,SHORT,1,0.824
38,YouTube,SHORT,2,0.836
38,YouTube,SHORT,3,0.441
38,YouTube,SHORT,4,0.584
38,YouTube,SHORT,5,0.263
38,YouTube,SHORT,6,0.405
38,YouTube,SHORT,7,0.624
38,YouTube,SHORT,8,0.72
38,YouTube,SHORT,9,0.773
38,YouTube,SHORT,10,0.749
38,YouTube,SHORT,11,0.797
38,YouTube,SHORT,12,0.674
38,YouTube,SHORT,13,0.64
38,YouTube,SHORT,14,0.704
38,YouTube,SHORT,15,0.58
38,YouTube,SHORT,16,0.614
38,YouTube,SHORT,17,0.717
38,YouTube,SHORT,18,0.829
38,YouTube,SHORT,19,0.43
38,YouTube,SHORT,20,0.361
38,YouTube,SHORT,21,0.661
38,YouTube,SHORT,22,0.366
38,YouTube,SHORT,23,0.358
38,YouTube,LONG,0,0.825
38,YouTube,LONG,1,0.705
38,YouTube,LONG,2,0.75
38,YouTube,LONG,3,0.862
38,YouTube,LONG,4,0.489
38,YouTube,LONG,5,0.886
38,YouTube,LONG,6,0.598
38,YouTube,LONG,7,0.664
38,YouTube,LONG,8,0.996
38,YouTube,LONG,9,0.51
38,YouTube,LONG,10,0.509
38,YouTube,LONG,11,0.657
38,YouTube,LONG,12,0.419
38,YouTube,LONG,13,1.191
38,YouTube,LONG,14,0.914
38,YouTube,LONG,15,0.954
38,YouTube,LONG,16,0.804
38,YouTube,LONG,17,0.876
38,YouTube,LONG,18,0.688
38,YouTube,LONG,19,1.061
38,YouTube,LONG,20,0.653
38,YouTube,LONG,21,0.567
38,YouTube,LONG,22,0.536
38,YouTube,LONG,23,0.435
39,Instagram,SHORT,0,0.817
39,Instagram,SHORT,1,0.739
39,Instagram,SHORT,2,0.845
39,Instagram,SHORT,3,0.455
39,Instagram,SHORT,4,0.569
39,Instagram,SHORT,5,0.562
39,Instagram,SHORT,6,0.665
39,Instagram,SHORT,7,0.691
39,Instagram,SHORT,8,0.566
39,Instagram,SHORT,9,1.034
39,Instagram,SHORT,10,0.839
39,Instagram,SHORT,11,1.247
39,Instagram,SHORT,12,1.096
39,Instagram,SHORT,13,1.233
39,Instagram,SHORT,14,0.383
39,Instagram,SHORT,15,0.96
39,Instagram,SHORT,16,0.765
39,Instagram,SHORT,17,1.166
39,Instagram,SHORT,18,0.912
39,Instagram,SHORT,19,0.918
39,Instagram,SHORT,20,1.214
39,Instagram,SHORT,21,0.972
39,Instagram,SHORT,22,0.656
39,Instagram,SHORT,23,1.176
39,Instagram,LONG,0,0.817
39,Instagram,LONG,1,0.485
39,Instagram,LONG,2,0.576
39,Instagram,LONG,3,0.423
39,Instagram,LONG,4,0.797
39,Instagram,LONG,5,0.744
39,Instagram,LONG,6,0.478
39,Instagram,LONG,7,0.733
39,Instagram,LONG,8,0.52
39,Instagram,LONG,9,0.281
39,Instagram,LONG,10,0.789
39,Instagram,LONG,11,0.37
39,Instagram,LONG,12,0.561
39,Instagram,LONG,13,0.819
39,Instagram,LONG,14,0.355
39,Instagram,LONG,15,0.824
39,Instagram,LONG,16,0.575
39,Instagram,LONG,17,0.259
39,Instagram,LONG,18,0.294
39,Instagram,LONG,19,0.654
39,Instagram,LONG,20,0.715
39,Instagram,LONG,21,0.77
39,Instagram,LONG,22,0.507
39,Instagram,LONG,23,0.317
39,YouTube,SHORT,0,0.575
39,YouTube,SHORT,1,0.673
39,YouTube,SHORT,2,0.836
39,YouTube,SHORT,3,0.716
39,YouTube,SHORT,4,0.64
39,YouTube,SHORT,5,0.814
39,YouTube,SHORT,6,0.699
39,YouTube,SHORT,7,0.346
39,YouTube,SHORT,8,0.528
39,YouTube,SHORT,9,0.452
39,YouTube,SHORT,10,0.307
39,YouTube,SHORT,11,0.287
39,YouTube,SHORT,12,0.728
39,YouTube,SHORT,13,0.587
39,YouTube,SHORT,14,0.597
39,YouTube,SHORT,15,0.39
39,YouTube,SHORT,16,0.409
39,YouTube,SHORT,17,0.486
39,YouTube,SHORT,18,0.63
39,YouTube,SHORT,19,0.513
39,YouTube,SHORT,20,0.265
39,YouTube,SHORT,21,0.656
39,YouTube,SHORT,22,0.573
39,YouTube,SHORT,23,0.637
39,YouTube,LONG,0,0.916
39,YouTube,LONG,1,1.036
39,YouTube,LONG,2,0.887
39,YouTube,LONG,3,0.988
39,YouTube,LONG,4,0.439
39,YouTube,LONG,5,1.187
39,YouTube,LONG,6,0.468
39,YouTube,LONG,7,1.064
39,YouTube,LONG,8,0.639
39,YouTube,LONG,9,0.451
39,YouTube,LONG,10,1.045
39,YouTube,LONG,11,0.758
39,YouTube,LONG,12,0.721
39,YouTube,LONG,13,0.953
39,YouTube,LONG,14,0.79
39,YouTube,LONG,15,0.842
39,YouTube,LONG,16,0.494
39,YouTube,LONG,17,0.717
39,YouTube,LONG,18,1.073
39,YouTube,LONG,19,0.853
39,YouTube,LONG,20,1.215
39,YouTube,LONG,21,0.501
39,YouTube,LONG,22,0.968
39,YouTube,LONG,23,1.175
40,Instagram,SHORT,0,1.071
40,Instagram,SHORT,1,1.013
40,Instagram,SHORT,2,0.701
40,Instagram,SHORT,3,1.206
40,Instagram,SHORT,4,0.859
40,Instagram,SHORT,5,0.861
40,Instagram,SHORT,6,0.483
40,Instagram,SHORT,7,0.379
40,Instagram,SHORT,8,0.897
40,Instagram,SHORT,9,0.845
40,Instagram,SHORT,10,1.204
40,Instagram,SHORT,11,0.642
40,Instagram,SHORT,12,1.03
40,Instagram,SHORT,13,1.166
40,Instagram,SHORT,14,0.676
40,Instagram,SHORT,15,0.736
40,Instagram,SHORT,16,0.94
40,Instagram,SHORT,17,0.823
40,Instagram,SHORT,18,0.516
40,Instagram,SHORT,19,0.568
40,Instagram,SHORT,20,1.105
40,Instagram,SHORT,21,0.545
40,Instagram,SHORT,22,0.534
40,Instagram,SHORT,23,1.075
40,Instagram,LONG,0,0.762
40,Instagram,LONG,1,0.762
40,Instagram,LONG,2,0.81
40,Instagram,LONG,3,0.847
40,Instagram,LONG,4,0.529
40,Instagram,LONG,5,0.582
40,Instagram,LONG,6,0.428
40,Instagram,LONG,7,0.295
40,Instagram,LONG,8,0.313
40,Instagram,LONG,9,0.687
40,Instagram,LONG,10,0.545
40,Instagram,LONG,11,0.452
40,Instagram,LONG,12,0.331
40,Instagram,LONG,13,0.645
40,Instagram,LONG,14,0.315
40,Instagram,LONG,15,0.624
40,Instagram,LONG,16,0.791
40,Instagram,LONG,17,0.444
40,Instagram,LONG,18,0.523
40,Instagram,LONG,19,0.622
40,Instagram,LONG,20,0.437
40,Instagram,LONG,21,0.603
40,Instagram,LONG,22,0.592
40,Instagram,LONG,23,0.472
40,YouTube,SHORT,0,0.443
40,YouTube,SHORT,1,0.51
40,YouTube,SHORT,2,0.258
40,YouTube,SHORT,3,0.401
40,YouTube,SHORT,4,0.387
40,YouTube,SHORT,5,0.695
40,YouTube,SHORT,6,0.514
40,YouTube,SHORT,7,0.755
40,YouTube,SHORT,8,0.335
40,YouTube,SHORT,9,0.691
40,YouTube,SHORT,10,0.777
40,YouTube,SHORT,11,0.53
40,YouTube,SHORT,12,0.468
40,YouTube,SHORT,13,0.437
40,YouTube,SHORT,14,0.583
40,YouTube,SHORT,15,0.36
40,YouTube,SHORT,16,0.616
40,YouTube,SHORT,17,0.756
40,YouTube,SHORT,18,0.766
40,YouTube,SHORT,19,0.338
40,YouTube,SHORT,20,0.575
40,YouTube,SHORT,21,0.412
40,YouTube,SHORT,22,0.782
40,YouTube,SHORT,23,0.3
40,YouTube,LONG,0,0.441
40,YouTube,LONG,1,0.391
40,YouTube,LONG,2,0.819
40,YouTube,LONG,3,0.402
40,YouTube,LONG,4,0.884
40,YouTube,LONG,5,0.729
40,YouTube,LONG,6,0.891
40,YouTube,LONG,7,1.168
40,YouTube,LONG,8,0.858
40,YouTube,LONG,9,0.851
40,YouTube,LONG,10,1.249
40,YouTube,LONG,11,0.788
40,YouTube,LONG,12,1.053
40,YouTube,LONG,13,0.695
40,YouTube,LONG,14,0.57
40,YouTube,LONG,15,1.051
40,YouTube,LONG,16,1.017
40,YouTube,LONG,17,0.63
40,YouTube,LONG,18,0.782
40,YouTube,LONG,19,0.822
40,YouTube,LONG,20,0.722
40,YouTube,LONG,21,0.814
40,YouTube,LONG,22,0.955
40,YouTube,LONG,23,1.117
41,Instagram,SHORT,0,1.081
41,Instagram,SHORT,1,0.912
41,Instagram,SHORT,2,0.52
41,Instagram,SHORT,3,0.825
41,Instagram,SHORT,4,0.765
41,Instagram,SHORT,5,0.532
41,Instagram,SHORT,6,1.205
41,Instagram,SHORT,7,0.952
41,Instagram,SHORT,8,1.222
41,Instagram,SHORT,9,1.019
41,Instagram,SHORT,10,0.798
41,Instagram,SHORT,11,0.689
41,Instagram,SHORT,12,0.566
41,Instagram,SHORT,13,0.802
41,Instagram,SHORT,14,0.43
41,Instagram,SHORT,15,0.698
41,Instagram,SHORT,16,0.412
41,Instagram,SHORT,17,0.556
41,Instagram,SHORT,18,1.169
41,Instagram,SHORT,19,0.691
41,Instagram,SHORT,20,0.786
41,Instagram,SHORT,21,0.773
41,Instagram,SHORT,22,0.416
41,Instagram,SHORT,23,1.233
41,Instagram,LONG,0,0.448
41,Instagram,LONG,1,0.674
41,Instagram,LONG,2,0.565
41,Instagram,LONG,3,0.749
41,Instagram,LONG,4,0.752
41,Instagram,LONG,5,0.412
41,Instagram,LONG,6,0.579
41,Instagram,LONG,7,0.358
41,Instagram,LONG,8,0.644
41,Instagram,LONG,9,0.472
41,Instagram,LONG,10,0.644
41,Instagram,LONG,11,0.752
41,Instagram,LONG,12,0.562
41,Instagram,LONG,13,0.479
41,Instagram,LONG,14,0.795
41,Instagram,LONG,15,0.562
41,Instagram,LONG,16,0.465
41,Instagram,LONG,17,0.771
41,Instagram,LONG,18,0.545
41,Instagram,LONG,19,0.542
41,Instagram,LONG,20,0.615
41,Instagram,LONG,21,0.554
41,Instagram,LONG,22,0.338
41,Instagram,LONG,23,0.354
41,YouTube,SHORT,0,0.301
41,YouTube,SHORT,1,0.638
41,YouTube,SHORT,2,0.381
41,YouTube,SHORT,3,0.366
41,YouTube,SHORT,4,0.471
41,YouTube,SHORT,5,0.682
41,YouTube,SHORT,6,0.325
41,YouTube,SHORT,7,0.392
41,YouTube,SHORT,8,0.738
41,YouTube,SHORT,9,0.684
41,YouTube,SHORT,10,0.542
41,YouTube,SHORT,11,0.54
41,YouTube,SHORT,12,0.38
41,YouTube,SHORT,13,0.351
41,YouTube,SHORT,14,0.751
41,YouTube,SHORT,15,0.268
41,YouTube,SHORT,16,0.281
41,YouTube,SHORT,17,0.596
41,YouTube,SHORT,18,0.351
41,YouTube,SHORT,19,0.63
41,YouTube,SHORT,20,0.278
41,YouTube,SHORT,21,0.596
41,YouTube,SHORT,22,0.288
41,YouTube,SHORT,23,0.409
41,YouTube,LONG,0,0.533
41,YouTube,LONG,1,1.213
41,YouTube,LONG,2,0.899
41,YouTube,LONG,3,0.868
41,YouTube,LONG,4,0.391
41,YouTube,LONG,5,1.005
41,YouTube,LONG,6,0.954
41,YouTube,LONG,7,0.623
41,YouTube,LONG,8,0.45
41,YouTube,LONG,9,0.768
41,YouTube,LONG,10,1.244
41,YouTube,LONG,11,1.134
41,YouTube,LONG,12,0.524
41,YouTube,LONG,13,1.102
41,YouTube,LONG,14,0.901
41,YouTube,LONG,15,1.07
41,YouTube,LONG,16,1.093
41,YouTube,LONG,17,0.534
41,YouTube,LONG,18,0.952
41,YouTube,LONG,19,0.606
41,YouTube,LONG,20,1.009
41,YouTube,LONG,21,0.675
41,YouTube,LONG,22,0.772
41,YouTube,LONG,23,0.892
42,Instagram,SHORT,0,0.576
42,Instagram,SHORT,1,0.712
42,Instagram,SHORT,2,0.47
42,Instagram,SHORT,3,0.552
42,Instagram,SHORT,4,1.127
42,Instagram,SHORT,5,0.816
42,Instagram,SHORT,6,0.742
42,Instagram,SHORT,7,0.506
42,Instagram,SHORT,8,0.459
42,Instagram,SHORT,9,0.791
42,Instagram,SHORT,10,0.913
42,Instagram,SHORT,11,0.409
42,Instagram,SHORT,12,1.061
42,Instagram,SHORT,13,0.815
42,Instagram,SHORT,14,0.478
42,Instagram,SHORT,15,0.797
42,Instagram,SHORT,16,0.489
42,Instagram,SHORT,17,0.903
42,Instagram,SHORT,18,1.099
42,Instagram,SHORT,19,1.16
42,Instagram,SHORT,20,1.053
42,Instagram,SHORT,21,0.943
42,Instagram,SHORT,22,0.832
42,Instagram,SHORT,23,0.699
42,Instagram,LONG,0,0.281
42,Instagram,LONG,1,0.57
42,Instagram,LONG,2,0.392
42,Instagram,LONG,3,0.732
42,Instagram,LONG,4,0.725
42,Instagram,LONG,5,0.482
42,Instagram,LONG,6,0.605
42,Instagram,LONG,7,0.696
42,Instagram,LONG,8,0.708
42,Instagram,LONG,9,0.67
42,Instagram,LONG,10,0.313
42,Instagram,LONG,11,0.335
42,Instagram,LONG,12,0.539
42,Instagram,LONG,13,0.393
42,Instagram,LONG,14,0.766
42,Instagram,LONG,15,0.424
42,Instagram,LONG,16,0.777
42,Instagram,LONG,17,0.498
42,Instagram,LONG,18,0.367
42,Instagram,LONG,19,0.677
42,Instagram,LONG,20,0.725
42,Instagram,LONG,21,0.599
42,Instagram,LONG,22,0.325
42,Instagram,LONG,23,0.259
42,YouTube,SHORT,0,0.644
42,YouTube,SHORT,1,0.664
42,YouTube,SHORT,2,0.443
42,YouTube,SHORT,3,0.471
42,YouTube,SHORT,4,0.347
42,YouTube,SHORT,5,0.643
42,YouTube,SHORT,6,0.406
42,YouTube,SHORT,7,0.764
42,YouTube,SHORT,8,0.507
42,YouTube,SHORT,9,0.473
42,YouTube,SHORT,10,0.419
42,YouTube,SHORT,11,0.66
42,YouTube,SHORT,12,0.704
42,YouTube,SHORT,13,0.501
42,YouTube,SHORT,14,0.721
42,YouTube,SHORT,15,0.542
42,YouTube,SHORT,16,0.475
42,YouTube,SHORT,17,0.585
42,YouTube,SHORT,18,0.406
42,YouTube,SHORT,19,0.437
42,YouTube,SHORT,20,0.46
42,YouTube,SHORT,21,0.675
42,YouTube,SHORT,22,0.693
42,YouTube,SHORT,23,0.764
42,YouTube,LONG,0,0.952
42,YouTube,LONG,1,1.029
42,YouTube,LONG,2,0.766
42,YouTube,LONG,3,0.987
42,YouTube,LONG,4,0.517
42,YouTube,LONG,5,0.563
42,YouTube,LONG,6,0.725
42,YouTube,LONG,7,0.671
42,YouTube,LONG,8,0.857
42,YouTube,LONG,9,0.985
42,YouTube,LONG,10,0.993
42,YouTube,LONG,11,0.516
42,YouTube,LONG,12,1.219
42,YouTube,LONG,13,0.38
42,YouTube,LONG,14,0.455
42,YouTube,LONG,15,0.502
42,YouTube,LONG,16,1.185
42,YouTube,LONG,17,0.756
42,YouTube,LONG,18,0.431
42,YouTube,LONG,19,0.569
42,YouTube,LONG,20,0.445
42,YouTube,LONG,21,0.408
42,YouTube,LONG,22,0.711
42,YouTube,LONG,23,1.236
43,Instagram,SHORT,0,0.912
43,Instagram,SHORT,1,0.831
43,Instagram,SHORT,2,0.998
43,Instagram,SHORT,3,0.898
43,Instagram,SHORT,4,1.203
43,Instagram,SHORT,5,1.093
43,Instagram,SHORT,6,0.935
43,Instagram,SHORT,7,0.759
43,Instagram,SHORT,8,0.551
43,Instagram,SHORT,9,0.95
43,Instagram,SHORT,10,1.078
43,Instagram,SHORT,11,0.625
43,Instagram,SHORT,12,0.404
43,Instagram,SHORT,13,0.9
43,Instagram,SHORT,14,0.826
43,Instagram,SHORT,15,0.578
43,Instagram,SHORT,16,0.523
43,Instagram,SHORT,17,0.407
43,Instagram,SHORT,18,0.584
43,Instagram,SHORT,19,0.375
43,Instagram,SHORT,20,0.513
43,Instagram,SHORT,21,1.247
43,Instagram,SHORT,22,1.057
43,Instagram,SHORT,23,0.684
43,Instagram,LONG,0,0.49
43,Instagram,LONG,1,0.604
43,Instagram,LONG,2,0.563
43,Instagram,LONG,3,0.693
43,Instagram,LONG,4,0.296
43,Instagram,LONG,5,0.309
43,Instagram,LONG,6,0.424
43,Instagram,LONG,7,0.749
43,Instagram,LONG,8,0.799
43,Instagram,LONG,9,0.462
43,Instagram,LONG,10,0.828
43,Instagram,LONG,11,0.42
43,Instagram,LONG,12,0.616
43,Instagram,LONG,13,0.371
43,Instagram,LONG,14,0.808
43,Instagram,LONG,15,0.597
43,Instagram,LONG,16,0.41
43,Instagram,LONG,17,0.497
43,Instagram,LONG,18,0.318
43,Instagram,LONG,19,0.298
43,Instagram,LONG,20,0.43
43,Instagram,LONG,21,0.818
43,Instagram,LONG,22,0.733
43,Instagram,LONG,23,0.824
43,YouTube,SHORT,0,0.776
43,YouTube,SHORT,1,0.739
43,YouTube,SHORT,2,0.597
43,YouTube,SHORT,3,0.668
43,YouTube,SHORT,4,0.83
43,YouTube,SHORT,5,0.59
43,YouTube,SHORT,6,0.713
43,YouTube,SHORT,7,0.706
43,YouTube,SHORT,8,0.827
43,YouTube,SHORT,9,0.528
43,YouTube,SHORT,10,0.529
43,YouTube,SHORT,11,0.604
43,YouTube,SHORT,12,0.271
43,YouTube,SHORT,13,0.324
43,YouTube,SHORT,14,0.295
43,YouTube,SHORT,15,0.632
43,YouTube,SHORT,16,0.847
43,YouTube,SHORT,17,0.658
43,YouTube,SHORT,18,0.392
43,YouTube,SHORT,19,0.443
43,YouTube,SHORT,20,0.823
43,YouTube,SHORT,21,0.562
43,YouTube,SHORT,22,0.261
43,YouTube,SHORT,23,0.75
43,YouTube,LONG,0,0.592
43,YouTube,LONG,1,0.456
43,YouTube,LONG,2,0.964
43,YouTube,LONG,3,1.093
43,YouTube,LONG,4,0.442
43,YouTube,LONG,5,1.19
43,YouTube,LONG,6,0.792
43,YouTube,LONG,7,0.684
43,YouTube,LONG,8,1.158
43,YouTube,LONG,9,0.61
43,YouTube,LONG,10,1.204
43,YouTube,LONG,11,0.973
43,YouTube,LONG,12,1.171
43,YouTube,LONG,13,0.812
43,YouTube,LONG,14,0.55
43,YouTube,LONG,15,1.019
43,YouTube,LONG,16,1.139
43,YouTube,LONG,17,0.556
43,YouTube,LONG,18,0.552
43,YouTube,LONG,19,0.593
43,YouTube,LONG,20,0.916
43,YouTube,LONG,21,0.511
43,YouTube,LONG,22,0.468
43,YouTube,LONG,23,1.18
44,Instagram,SHORT,0,0.966
44,Instagram,SHORT,1,0.955
44,Instagram,SHORT,2,0.912
44,Instagram,SHORT,3,1.044
44,Instagram,SHORT,4,0.849
44,Instagram,SHORT,5,0.412
44,Instagram,SHORT,6,0.797
44,Instagram,SHORT,7,0.918
44,Instagram,SHORT,8,0.806
44,Instagram,SHORT,9,1.237
44,Instagram,SHORT,10,1.16
44,Instagram,SHORT,11,1.135
44,Instagram,SHORT,12,0.804
44,Instagram,SHORT,13,1.236
44,Instagram,SHORT,14,1.177
44,Instagram,SHORT,15,0.62
44,Instagram,SHORT,16,0.569
44,Instagram,SHORT,17,0.88
44,Instagram,SHORT,18,0.422
44,Instagram,SHORT,19,1.074
44,Instagram,SHORT,20,0.794
44,Instagram,SHORT,21,0.848
44,Instagram,SHORT,22,0.815
44,Instagram,SHORT,23,0.72
44,Instagram,LONG,0,0.663
44,Instagram,LONG,1,0.359
44,Instagram,LONG,2,0.836
44,Instagram,LONG,3,0.67
44,Instagram,LONG,4,0.529
44,Instagram,LONG,5,0.665
44,Instagram,LONG,6,0.262
44,Instagram,LONG,7,0.38
44,Instagram,LONG,8,0.601
44,Instagram,LONG,9,0.449
44,Instagram,LONG,10,0.62
44,Instagram,LONG,11,0.41
44,Instagram,LONG,12,0.581
44,Instagram,LONG,13,0.396
44,Instagram,LONG,14,0.535
44,Instagram,LONG,15,0.62
44,Instagram,LONG,16,0.473
44,Instagram,LONG,17,0.552
44,Instagram,LONG,18,0.38
44,Instagram,LONG,19,0.672
44,Instagram,LONG,20,0.477
44,Instagram,LONG,21,0.763
44,Instagram,LONG,22,0.421
44,Instagram,LONG,23,0.362
44,YouTube,SHORT,0,0.333
44,YouTube,SHORT,1,0.598
44,YouTube,SHORT,2,0.391
44,YouTube,SHORT,3,0.314
44,YouTube,SHORT,4,0.416
44,YouTube,SHORT,5,0.395
44,YouTube,SHORT,6,0.512
44,YouTube,SHORT,7,0.482
44,YouTube,SHORT,8,0.342
44,YouTube,SHORT,9,0.826
44,YouTube,SHORT,10,0.344
44,YouTube,SHORT,11,0.734
44,YouTube,SHORT,12,0.36
44,YouTube,SHORT,13,0.552
44,YouTube,SHORT,14,0.847
44,YouTube,SHORT,15,0.76
44,YouTube,SHORT,16,0.563
44,YouTube,SHORT,17,0.684
44,YouTube,SHORT,18,0.722
44,YouTube,SHORT,19,0.434
44,YouTube,SHORT,20,0.589
44,YouTube,SHORT,21,0.593
44,YouTube,SHORT,22,0.492
44,YouTube,SHORT,23,0.666
44,YouTube,LONG,0,0.428
44,YouTube,LONG,1,1.087
44,YouTube,LONG,2,0.792
44,YouTube,LONG,3,0.926
44,YouTube,LONG,4,0.769
44,YouTube,LONG,5,0.668
44,YouTube,LONG,6,0.691
44,YouTube,LONG,7,0.865
44,YouTube,LONG,8,1.19
44,YouTube,LONG,9,0.601
44,YouTube,LONG,10,0.392
44,YouTube,LONG,11,0.481
44,YouTube,LONG,12,1.134
44,YouTube,LONG,13,1.218
44,YouTube,LONG,14,0.549
44,YouTube,LONG,15,0.879
44,YouTube,LONG,16,0.943
44,YouTube,LONG,17,0.528
44,YouTube,LONG,18,1.058
44,YouTube,LONG,19,0.686
44,YouTube,LONG,20,0.964
44,YouTube,LONG,21,0.802
44,YouTube,LONG,22,1.019
44,YouTube,LONG,23,1.153
45,Instagram,SHORT,0,0.708
45,Instagram,SHORT,1,0.626
45,Instagram,SHORT,2,0.928
45,Instagram,SHORT,3,0.502
45,Instagram,SHORT,4,0.522
45,Instagram,SHORT,5,1.082
45,Instagram,SHORT,6,0.67
45,Instagram,SHORT,7,0.927
45,Instagram,SHORT,8,0.875
45,Instagram,SHORT,9,1.118
45,Instagram,SHORT,10,0.437
45,Instagram,SHORT,11,0.517
45,Instagram,SHORT,12,0.575
45,Instagram,SHORT,13,0.652
45,Instagram,SHORT,14,0.63
45,Instagram,SHORT,15,0.609
45,Instagram,SHORT,16,0.939
45,Instagram,SHORT,17,0.612
45,Instagram,SHORT,18,0.764
45,Instagram,SHORT,19,1.13
45,Instagram,SHORT,20,0.693
45,Instagram,SHORT,21,0.889
45,Instagram,SHORT,22,1.22
45,Instagram,SHORT,23,0.737
45,Instagram,LONG,0,0.364
45,Instagram,LONG,1,0.269
45,Instagram,LONG,2,0.688
45,Instagram,LONG,3,0.649
45,Instagram,LONG,4,0.815
45,Instagram,LONG,5,0.672
45,Instagram,LONG,6,0.303
45,Instagram,LONG,7,0.354
45,Instagram,LONG,8,0.316
45,Instagram,LONG,9,0.293
45,Instagram,LONG,10,0.778
45,Instagram,LONG,11,0.581
45,Instagram,LONG,12,0.271
45,Instagram,LONG,13,0.491
45,Instagram,LONG,14,0.71
45,Instagram,LONG,15,0.305
45,Instagram,LONG,16,0.411
45,Instagram,LONG,17,0.347
45,Instagram,LONG,18,0.645
45,Instagram,LONG,19,0.782
45,Instagram,LONG,20,0.439
45,Instagram,LONG,21,0.402
45,Instagram,LONG,22,0.424
45,Instagram,LONG,23,0.628
45,YouTube,SHORT,0,0.333
45,YouTube,SHORT,1,0.754
45,YouTube,SHORT,2,0.272
45,YouTube,SHORT,3,0.65
45,YouTube,SHORT,4,0.767
45,YouTube,SHORT,5,0.448
45,YouTube,SHORT,6,0.538
45,YouTube,SHORT,7,0.835
45,YouTube,SHORT,8,0.577
45,YouTube,SHORT,9,0.417
45,YouTube,SHORT,10,0.52
45,YouTube,SHORT,11,0.832
45,YouTube,SHORT,12,0.67
45,YouTube,SHORT,13,0.36
45,YouTube,SHORT,14,0.611
45,YouTube,SHORT,15,0.63
45,YouTube,SHORT,16,0.633
45,YouTube,SHORT,17,0.591
45,YouTube,SHORT,18,0.566
45,YouTube,SHORT,19,0.636
45,YouTube,SHORT,20,0.439
45,YouTube,SHORT,21,0.462
45,YouTube,SHORT,22,0.576
45,YouTube,SHORT,23,0.734
45,YouTube,LONG,0,0.762
45,YouTube,LONG,1,0.695
45,YouTube,LONG,2,0.602
45,YouTube,LONG,3,0.641
45,YouTube,LONG,4,0.375
45,YouTube,LONG,5,1.088
45,YouTube,LONG,6,1.117
45,YouTube,LONG,7,0.676
45,YouTube,LONG,8,0.786
45,YouTube,LONG,9,0.382
45,YouTube,LONG,10,1.182
45,YouTube,LONG,11,1.204
45,YouTube,LONG,12,0.792
45,YouTube,LONG,13,0.383
45,YouTube,LONG,14,0.752
45,YouTube,LONG,15,0.631
45,YouTube,LONG,16,0.577
45,YouTube,LONG,17,0.381
45,YouTube,LONG,18,0.702
45,YouTube,LONG,19,0.735
45,YouTube,LONG,20,0.865
45,YouTube,LONG,21,0.72
45,YouTube,LONG,22,0.518
45,YouTube,LONG,23,1.02
46,Instagram,SHORT,0,0.716
46,Instagram,SHORT,1,0.706
46,Instagram,SHORT,2,0.605
46,Instagram,SHORT,3,0.744
46,Instagram,SHORT,4,0.585
46,Instagram,SHORT,5,1.044
46,Instagram,SHORT,6,1.171
46,Instagram,SHORT,7,1.082
46,Instagram,SHORT,8,0.974
46,Instagram,SHORT,9,0.624
46,Instagram,SHORT,10,1.025
46,Instagram,SHORT,11,1.083
46,Instagram,SHORT,12,0.736
46,Instagram,SHORT,13,1.122
46,Instagram,SHORT,14,0.535
46,Instagram,SHORT,15,0.628
46,Instagram,SHORT,16,0.932
46,Instagram,SHORT,17,0.916
46,Instagram,SHORT,18,0.613
46,Instagram,SHORT,19,0.92
46,Instagram,SHORT,20,0.539
46,Instagram,SHORT,21,0.392
46,Instagram,SHORT,22,0.418
46,Instagram,SHORT,23,0.843
46,Instagram,LONG,0,0.366
46,Instagram,LONG,1,0.316
46,Instagram,LONG,2,0.415
46,Instagram,LONG,3,0.681
46,Instagram,LONG,4,0.688
46,Instagram,LONG,5,0.394
46,Instagram,LONG,6,0.345
46,Instagram,LONG,7,0.549
46,Instagram,LONG,8,0.458
46,Instagram,LONG,9,0.44
46,Instagram,LONG,10,0.731
46,Instagram,LONG,11,0.849
46,Instagram,LONG,12,0.531
46,Instagram,LONG,13,0.726
46,Instagram,LONG,14,0.451
46,Instagram,LONG,15,0.757
46,Instagram,LONG,16,0.821
46,Instagram,LONG,17,0.288
46,Instagram,LONG,18,0.717
46,Instagram,LONG,19,0.297
46,Instagram,LONG,20,0.535
46,Instagram,LONG,21,0.369
46,Instagram,LONG,22,0.756
46,Instagram,LONG,23,0.741
46,YouTube,SHORT,0,0.748
46,YouTube,SHORT,1,0.328
46,YouTube,SHORT,2,0.712
46,YouTube,SHORT,3,0.403
46,YouTube,SHORT,4,0.714
46,YouTube,SHORT,5,0.519
46,YouTube,SHORT,6,0.694
46,YouTube,SHORT,7,0.275
46,YouTube,SHORT,8,0.529
46,YouTube,SHORT,9,0.714
46,YouTube,SHORT,10,0.565
46,YouTube,SHORT,11,0.839
46,YouTube,SHORT,12,0.536
46,YouTube,SHORT,13,0.66
46,YouTube,SHORT,14,0.441
46,YouTube,SHORT,15,0.447
46,YouTube,SHORT,16,0.629
46,YouTube,SHORT,17,0.28
46,YouTube,SHORT,18,0.813
46,YouTube,SHORT,19,0.565
46,YouTube,SHORT,20,0.406
46,YouTube,SHORT,21,0.635
46,YouTube,SHORT,22,0.373
46,YouTube,SHORT,23,0.783
46,YouTube,LONG,0,1.131
46,YouTube,LONG,1,0.566
46,YouTube,LONG,2,0.474
46,YouTube,LONG,3,0.929
46,YouTube,LONG,4,0.659
46,YouTube,LONG,5,0.521
46,YouTube,LONG,6,0.617
46,YouTube,LONG,7,0.48
46,YouTube,LONG,8,1.066
46,YouTube,LONG,9,0.383
46,YouTube,LONG,10,0.412
46,YouTube,LONG,11,1.061
46,YouTube,LONG,12,0.791
46,YouTube,LONG,13,0.897
46,YouTube,LONG,14,0.7
46,YouTube,LONG,15,0.453
46,YouTube,LONG,16,0.513
46,YouTube,LONG,17,0.455
46,YouTube,LONG,18,0.916
46,YouTube,LONG,19,1.189
46,YouTube,LONG,20,1.247
46,YouTube,LONG,21,0.922
46,YouTube,LONG,22,0.427
46,YouTube,LONG,23,0.939
47,Instagram,SHORT,0,0.989
47,Instagram,SHORT,1,1.068
47,Instagram,SHORT,2,0.485
47,Instagram,SHORT,3,0.579
47,Instagram,SHORT,4,1.234
47,Instagram,SHORT,5,1.065
47,Instagram,SHORT,6,1.037
47,Instagram,SHORT,7,1.08
47,Instagram,SHORT,8,0.759
47,Instagram,SHORT,9,0.544
47,Instagram,SHORT,10,0.978
47,Instagram,SHORT,11,0.688
47,Instagram,SHORT,12,0.493
47,Instagram,SHORT,13,1.161
47,Instagram,SHORT,14,0.8
47,Instagram,SHORT,15,0.758
47,Instagram,SHORT,16,0.633
47,Instagram,SHORT,17,0.985
47,Instagram,SHORT,18,0.541
47,Instagram,SHORT,19,0.538
47,Instagram,SHORT,20,0.679
47,Instagram,SHORT,21,1.016
47,Instagram,SHORT,22,0.616
47,Instagram,SHORT,23,1.102
47,Instagram,LONG,0,0.799
47,Instagram,LONG,1,0.585
47,Instagram,LONG,2,0.296
47,Instagram,LONG,3,0.347
47,Instagram,LONG,4,0.431
47,Instagram,LONG,5,0.412
47,Instagram,LONG,6,0.473
47,Instagram,LONG,7,0.255
47,Instagram,LONG,8,0.635
47,Instagram,LONG,9,0.481
47,Instagram,LONG,10,0.365
47,Instagram,LONG,11,0.266
47,Instagram,LONG,12,0.765
47,Instagram,LONG,13,0.717
47,Instagram,LONG,14,0.397
47,Instagram,LONG,15,0.684
47,Instagram,LONG,16,0.647
47,Instagram,LONG,17,0.576
47,Instagram,LONG,18,0.486
47,Instagram,LONG,19,0.567
47,Instagram,LONG,20,0.551
47,Instagram,LONG,21,0.583
47,Instagram,LONG,22,0.62
47,Instagram,LONG,23,0.447
47,YouTube,SHORT,0,0.636
47,YouTube,SHORT,1,0.321
47,YouTube,SHORT,2,0.566
47,YouTube,SHORT,3,0.295
47,YouTube,SHORT,4,0.752
47,YouTube,SHORT,5,0.332
47,YouTube,SHORT,6,0.775
47,YouTube,SHORT,7,0.375
47,YouTube,SHORT,8,0.544
47,YouTube,SHORT,9,0.314
47,YouTube,SHORT,10,0.595
47,YouTube,SHORT,11,0.753
47,YouTube,SHORT,12,0.646
47,YouTube,SHORT,13,0.568
47,YouTube,SHORT,14,0.672
47,YouTube,SHORT,15,0.407
47,YouTube,SHORT,16,0.473
47,YouTube,SHORT,17,0.616
47,YouTube,SHORT,18,0.297
47,YouTube,SHORT,19,0.808
47,YouTube,SHORT,20,0.379
47,YouTube,SHORT,21,0.547
47,YouTube,SHORT,22,0.784
47,YouTube,SHORT,23,0.303
47,YouTube,LONG,0,1.076
47,YouTube,LONG,1,0.428
47,YouTube,LONG,2,0.863
47,YouTube,LONG,3,1.196
47,YouTube,LONG,4,0.739
47,YouTube,LONG,5,0.698
47,YouTube,LONG,6,0.995
47,YouTube,LONG,7,1.096
47,YouTube,LONG,8,0.608
47,YouTube,LONG,9,0.411
47,YouTube,LONG,10,0.437
47,YouTube,LONG,11,0.641
47,YouTube,LONG,12,1.202
47,YouTube,LONG,13,1.216
47,YouTube,LONG,14,0.46
47,YouTube,LONG,15,1.01
47,YouTube,LONG,16,0.84
47,YouTube,LONG,17,0.541
47,YouTube,LONG,18,0.835
47,YouTube,LONG,19,0.593
47,YouTube,LONG,20,0.922
47,YouTube,LONG,21,0.532
47,YouTube,LONG,22,1.031
47,YouTube,LONG,23,0.738
48,Instagram,SHORT,0,0.467
48,Instagram,SHORT,1,0.934
48,Instagram,SHORT,2,0.688
48,Instagram,SHORT,3,0.776
48,Instagram,SHORT,4,0.957
48,Instagram,SHORT,5,1.147
48,Instagram,SHORT,6,0.521
48,Instagram,SHORT,7,0.533
48,Instagram,SHORT,8,0.726
48,Instagram,SHORT,9,0.67
48,Instagram,SHORT,10,0.513
48,Instagram,SHORT,11,1.249
48,Instagram,SHORT,12,0.763
48,Instagram,SHORT,13,0.683
48,Instagram,SHORT,14,0.651
48,Instagram,SHORT,15,1.243
48,Instagram,SHORT,16,0.659
48,Instagram,SHORT,17,0.7
48,Instagram,SHORT,18,1.044
48,Instagram,SHORT,19,0.752
48,Instagram,SHORT,20,1.01
48,Instagram,SHORT,21,0.907
48,Instagram,SHORT,22,0.868
48,Instagram,SHORT,23,0.562
48,Instagram,LONG,0,0.711
48,Instagram,LONG,1,0.806
48,Instagram,LONG,2,0.406
48,Instagram,LONG,3,0.827
48,Instagram,LONG,4,0.521
48,Instagram,LONG,5,0.491
48,Instagram,LONG,6,0.687
48,Instagram,LONG,7,0.84
48,Instagram,LONG,8,0.609
48,Instagram,LONG,9,0.563
48,Instagram,LONG,10,0.846
48,Instagram,LONG,11,0.435
48,Instagram,LONG,12,0.434
48,Instagram,LONG,13,0.387
48,Instagram,LONG,14,0.764
48,Instagram,LONG,15,0.268
48,Instagram,LONG,16,0.744
48,Instagram,LONG,17,0.665
48,Instagram,LONG,18,0.419
48,Instagram,LONG,19,0.584
48,Instagram,LONG,20,0.586
48,Instagram,LONG,21,0.806
48,Instagram,LONG,22,0.347
48,Instagram,LONG,23,0.277
48,YouTube,SHORT,0,0.467
48,YouTube,SHORT,1,0.337
48,YouTube,SHORT,2,0.473
48,YouTube,SHORT,3,0.601
48,YouTube,SHORT,4,0.394
48,YouTube,SHORT,5,0.738
48,YouTube,SHORT,6,0.31
48,YouTube,SHORT,7,0.493
48,YouTube,SHORT,8,0.801
48,YouTube,SHORT,9,0.692
48,YouTube,SHORT,10,0.686
48,YouTube,SHORT,11,0.727
48,YouTube,SHORT,12,0.358
48,YouTube,SHORT,13,0.746
48,YouTube,SHORT,14,0.665
48,YouTube,SHORT,15,0.598
48,YouTube,SHORT,16,0.795
48,YouTube,SHORT,17,0.609
48,YouTube,SHORT,18,0.434
48,YouTube,SHORT,19,0.69
48,YouTube,SHORT,20,0.598
48,YouTube,SHORT,21,0.302
48,YouTube,SHORT,22,0.288
48,YouTube,SHORT,23,0.714
48,YouTube,LONG,0,0.679
48,YouTube,LONG,1,1.09
48,YouTube,LONG,2,0.739
48,YouTube,LONG,3,1.134
48,YouTube,LONG,4,1.136
48,YouTube,LONG,5,0.573
48,YouTube,LONG,6,0.946
48,YouTube,LONG,7,0.902
48,YouTube,LONG,8,0.385
48,YouTube,LONG,9,1.055
48,YouTube,LONG,10,0.71
48,YouTube,LONG,11,0.642
48,YouTube,LONG,12,0.411
48,YouTube,LONG,13,0.847
48,YouTube,LONG,14,0.506
48,YouTube,LONG,15,0.815
48,YouTube,LONG,16,0.568
48,YouTube,LONG,17,0.419
48,YouTube,LONG,18,1.015
48,YouTube,LONG,19,0.719
48,YouTube,LONG,20,0.765
48,YouTube,LONG,21,0.896
48,YouTube,LONG,22,0.817
48,YouTube,LONG,23,0.569
49,Instagram,SHORT,0,0.629
49,Instagram,SHORT,1,0.72
49,Instagram,SHORT,2,0.491
49,Instagram,SHORT,3,0.447
49,Instagram,SHORT,4,0.875
49,Instagram,SHORT,5,0.418
49,Instagram,SHORT,6,0.724
49,Instagram,SHORT,7,0.449
49,Instagram,SHORT,8,0.814
49,Instagram,SHORT,9,1.052
49,Instagram,SHORT,10,0.489
49,Instagram,SHORT,11,0.493
49,Instagram,SHORT,12,0.864
49,Instagram,SHORT,13,0.802
49,Instagram,SHORT,14,0.946
49,Instagram,SHORT,15,0.547
49,Instagram,SHORT,16,0.914
49,Instagram,SHORT,17,1.019
49,Instagram,SHORT,18,0.59
49,Instagram,SHORT,19,0.438
49,Instagram,SHORT,20,1.055
49,Instagram,SHORT,21,0.658
49,Instagram,SHORT,22,1.184
49,Instagram,SHORT,23,0.453
49,Instagram,LONG,0,0.655
49,Instagram,LONG,1,0.507
49,Instagram,LONG,2,0.462
49,Instagram,LONG,3,0.446
49,Instagram,LONG,4,0.608
49,Instagram,LONG,5,0.269
49,Instagram,LONG,6,0.436
49,Instagram,LONG,7,0.843
49,Instagram,LONG,8,0.622
49,Instagram,LONG,9,0.844
49,Instagram,LONG,10,0.518
49,Instagram,LONG,11,0.342
49,Instagram,LONG,12,0.282
49,Instagram,LONG,13,0.742
49,Instagram,LONG,14,0.374
49,Instagram,LONG,15,0.477
49,Instagram,LONG,16,0.706
49,Instagram,LONG,17,0.762
49,Instagram,LONG,18,0.322
49,Instagram,LONG,19,0.287
49,Instagram,LONG,20,0.82
49,Instagram,LONG,21,0.806
49,Instagram,LONG,22,0.772
49,Instagram,LONG,23,0.743
49,YouTube,SHORT,0,0.263
49,YouTube,SHORT,1,0.668
49,YouTube,SHORT,2,0.321
49,YouTube,SHORT,3,0.523
49,YouTube,SHORT,4,0.269
49,YouTube,SHORT,5,0.379
49,YouTube,SHORT,6,0.575
49,YouTube,SHORT,7,0.376
49,YouTube,SHORT,8,0.566
49,YouTube,SHORT,9,0.409
49,YouTube,SHORT,10,0.542
49,YouTube,SHORT,11,0.689
49,YouTube,SHORT,12,0.339
49,YouTube,SHORT,13,0.671
49,YouTube,SHORT,14,0.266
49,YouTube,SHORT,15,0.602
49,YouTube,SHORT,16,0.65
49,YouTube,SHORT,17,0.281
49,YouTube,SHORT,18,0.356
49,YouTube,SHORT,19,0.424
49,YouTube,SHORT,20,0.725
49,YouTube,SHORT,21,0.623
49,YouTube,SHORT,22,0.287
49,YouTube,SHORT,23,0.645
49,YouTube,LONG,0,0.382
49,YouTube,LONG,1,0.715
49,YouTube,LONG,2,0.612
49,YouTube,LONG,3,1.121
49,YouTube,LONG,4,0.953
49,YouTube,LONG,5,1.131
49,YouTube,LONG,6,0.392
49,YouTube,LONG,7,1.134
49,YouTube,LONG,8,0.943
49,YouTube,LONG,9,0.577
49,YouTube,LONG,10,0.708
49,YouTube,LONG,11,1.23
49,YouTube,LONG,12,0.462
49,YouTube,LONG,13,0.651
49,YouTube,LONG,14,1.133
49,YouTube,LONG,15,0.84
49,YouTube,LONG,16,0.538
49,YouTube,LONG,17,0.813
49,YouTube,LONG,18,0.776
49,YouTube,LONG,19,1.186
49,YouTube,LONG,20,0.394
49,YouTube,LONG,21,0.591
49,YouTube,LONG,22,0.838
49,YouTube,LONG,23,0.667
50,Instagram,SHORT,0,0.719
50,Instagram,SHORT,1,0.512
50,Instagram,SHORT,2,0.678
50,Instagram,SHORT,3,0.683
50,Instagram,SHORT,4,0.922
50,Instagram,SHORT,5,0.582
50,Instagram,SHORT,6,1.231
50,Instagram,SHORT,7,0.814
50,Instagram,SHORT,8,1.085
50,Instagram,SHORT,9,0.923
50,Instagram,SHORT,10,1.144
50,Instagram,SHORT,11,1.154
50,Instagram,SHORT,12,1.088
50,Instagram,SHORT,13,0.401
50,Instagram,SHORT,14,0.861
50,Instagram,SHORT,15,0.62
50,Instagram,SHORT,16,0.508
50,Instagram,SHORT,17,1.16
50,Instagram,SHORT,18,0.95
50,Instagram,SHORT,19,0.452
50,Instagram,SHORT,20,0.709
50,Instagram,SHORT,21,1.216
50,Instagram,SHORT,22,0.911
50,Instagram,SHORT,23,0.922
50,Instagram,LONG,0,0.39
50,Instagram,LONG,1,0.398
50,Instagram,LONG,2,0.346
50,Instagram,LONG,3,0.832
50,Instagram,LONG,4,0.796
50,Instagram,LONG,5,0.451
50,Instagram,LONG,6,0.578
50,Instagram,LONG,7,0.378
50,Instagram,LONG,8,0.337
50,Instagram,LONG,9,0.577
50,Instagram,LONG,10,0.731
50,Instagram,LONG,11,0.768
50,Instagram,LONG,12,0.439
50,Instagram,LONG,13,0.675
50,Instagram,LONG,14,0.567
50,Instagram,LONG,15,0.335
50,Instagram,LONG,16,0.847
50,Instagram,LONG,17,0.836
50,Instagram,LONG,18,0.341
50,Instagram,LONG,19,0.81
50,Instagram,LONG,20,0.801
50,Instagram,LONG,21,0.444
50,Instagram,LONG,22,0.587
50,Instagram,LONG,23,0.819
50,YouTube,SHORT,0,0.325
50,YouTube,SHORT,1,0.444
50,YouTube,SHORT,2,0.778
50,YouTube,SHORT,3,0.688
50,YouTube,SHORT,4,0.71
50,YouTube,SHORT,5,0.779
50,YouTube,SHORT,6,0.501
50,YouTube,SHORT,7,0.5
50,YouTube,SHORT,8,0.519
50,YouTube,SHORT,9,0.811
50,YouTube,SHORT,10,0.787
50,YouTube,SHORT,11,0.81
50,YouTube,SHORT,12,0.418
50,YouTube,SHORT,13,0.719
50,YouTube,SHORT,14,0.319
50,YouTube,SHORT,15,0.365
50,YouTube,SHORT,16,0.709
50,YouTube,SHORT,17,0.619
50,YouTube,SHORT,18,0.414
50,YouTube,SHORT,19,0.592
50,YouTube,SHORT,20,0.392
50,YouTube,SHORT,21,0.393
50,YouTube,SHORT,22,0.664
50,YouTube,SHORT,23,0.469
50,YouTube,LONG,0,0.977
50,YouTube,LONG,1,0.792
50,YouTube,LONG,2,0.815
50,YouTube,LONG,3,0.904
50,YouTube,LONG,4,0.998
50,YouTube,LONG,5,0.702
50,YouTube,LONG,6,1.121
50,YouTube,LONG,7,0.805
50,YouTube,LONG,8,0.495
50,YouTube,LONG,9,0.544
50,YouTube,LONG,10,0.403
50,YouTube,LONG,11,1.044
50,YouTube,LONG,12,0.388
50,YouTube,LONG,13,0.611
50,YouTube,LONG,14,0.736
50,YouTube,LONG,15,1.025
50,YouTube,LONG,16,1.24
50,YouTube,LONG,17,1.038
50,YouTube,LONG,18,0.433
50,YouTube,LONG,19,1.186
50,YouTube,LONG,20,1.237
50,YouTube,LONG,21,1.134
50,YouTube,LONG,22,0.804
50,YouTube,LONG,23,0.659
